Name,NumRevision,NumAdded,NumDeleted,NumAuthor
maven-maven-3.0/maven-settings-builder/src/test/java/org/apache/maven/settings/validation/DefaultSettingsValidatorTest.java,2,136,12,1
maven-maven-3.0/maven-settings-builder/src/test/java/org/apache/maven/settings/building/DefaultSettingsBuilderFactoryTest.java,1,44,0,1
maven-maven-3.0/maven-settings-builder/src/main/java/org/apache/maven/settings/crypto/DefaultSettingsDecryptionRequest.java,1,97,0,1
maven-maven-3.0/maven-settings-builder/src/main/java/org/apache/maven/settings/crypto/SettingsDecrypter.java,1,34,0,1
maven-maven-3.0/maven-settings-builder/src/main/java/org/apache/maven/settings/crypto/SettingsDecryptionRequest.java,1,56,0,1
maven-maven-3.0/maven-settings-builder/src/main/java/org/apache/maven/settings/crypto/DefaultSettingsDecryptionResult.java,1,62,0,1
maven-maven-3.0/maven-settings-builder/src/main/java/org/apache/maven/settings/crypto/SettingsDecryptionResult.java,1,61,0,1
maven-maven-3.0/maven-settings-builder/src/main/java/org/apache/maven/settings/crypto/DefaultSettingsDecrypter.java,1,91,0,1
maven-maven-3.0/maven-settings-builder/src/main/java/org/apache/maven/settings/merge/MavenSettingsMerger.java,1,119,0,1
maven-maven-3.0/maven-settings-builder/src/main/java/org/apache/maven/settings/io/SettingsWriter.java,1,66,0,1
maven-maven-3.0/maven-settings-builder/src/main/java/org/apache/maven/settings/io/SettingsReader.java,1,73,0,1
maven-maven-3.0/maven-settings-builder/src/main/java/org/apache/maven/settings/io/SettingsParseException.java,1,83,0,1
maven-maven-3.0/maven-settings-builder/src/main/java/org/apache/maven/settings/io/DefaultSettingsReader.java,1,97,0,1
maven-maven-3.0/maven-settings-builder/src/main/java/org/apache/maven/settings/io/DefaultSettingsWriter.java,1,100,0,1
maven-maven-3.0/maven-settings-builder/src/main/java/org/apache/maven/settings/validation/DefaultSettingsValidator.java,3,228,33,1
maven-maven-3.0/maven-settings-builder/src/main/java/org/apache/maven/settings/validation/SettingsValidator.java,1,36,0,1
maven-maven-3.0/maven-settings-builder/src/main/java/org/apache/maven/settings/building/DefaultSettingsBuilderFactory.java,1,61,0,1
maven-maven-3.0/maven-settings-builder/src/main/java/org/apache/maven/settings/building/DefaultSettingsBuildingResult.java,1,46,0,1
maven-maven-3.0/maven-settings-builder/src/main/java/org/apache/maven/settings/building/SettingsBuildingRequest.java,1,87,0,1
maven-maven-3.0/maven-settings-builder/src/main/java/org/apache/maven/settings/building/SettingsBuildingException.java,2,78,1,1
maven-maven-3.0/maven-settings-builder/src/main/java/org/apache/maven/settings/building/SettingsProblemCollector.java,1,37,0,1
maven-maven-3.0/maven-settings-builder/src/main/java/org/apache/maven/settings/building/DefaultSettingsProblemCollector.java,1,56,0,1
maven-maven-3.0/maven-settings-builder/src/main/java/org/apache/maven/settings/building/SettingsProblem.java,1,87,0,1
maven-maven-3.0/maven-settings-builder/src/main/java/org/apache/maven/settings/building/SettingsBuildingResult.java,1,43,0,1
maven-maven-3.0/maven-settings-builder/src/main/java/org/apache/maven/settings/building/SettingsBuilder.java,1,36,0,1
maven-maven-3.0/maven-settings-builder/src/main/java/org/apache/maven/settings/building/DefaultSettingsBuildingRequest.java,1,94,0,1
maven-maven-3.0/maven-settings-builder/src/main/java/org/apache/maven/settings/building/DefaultSettingsBuilder.java,2,211,0,1
maven-maven-3.0/maven-settings-builder/src/main/java/org/apache/maven/settings/building/DefaultSettingsProblem.java,2,133,1,1
maven-maven-3.0/maven-compat/src/test/java/org/apache/maven/repository/MirrorProcessorTest.java,8,392,190,3
maven-maven-3.0/maven-compat/src/test/java/org/apache/maven/repository/LegacyRepositorySystemTest.java,2,173,0,1
maven-maven-3.0/maven-compat/src/test/java/org/apache/maven/repository/LegacyRepositoryLayout.java,1,73,0,1
maven-maven-3.0/maven-compat/src/test/java/org/apache/maven/repository/legacy/WagonB.java,1,37,0,1
maven-maven-3.0/maven-compat/src/test/java/org/apache/maven/repository/legacy/WagonMock.java,1,44,0,1
maven-maven-3.0/maven-compat/src/test/java/org/apache/maven/repository/legacy/WagonC.java,1,37,0,1
maven-maven-3.0/maven-compat/src/test/java/org/apache/maven/repository/legacy/DefaultUpdateCheckManagerTest.java,3,187,12,2
maven-maven-3.0/maven-compat/src/test/java/org/apache/maven/repository/legacy/StringWagon.java,1,95,0,1
maven-maven-3.0/maven-compat/src/test/java/org/apache/maven/repository/legacy/LegacyRepositorySystemTest.java,5,97,29,2
maven-maven-3.0/maven-compat/src/test/java/org/apache/maven/repository/legacy/PerLookupWagon.java,1,33,0,1
maven-maven-3.0/maven-compat/src/test/java/org/apache/maven/repository/legacy/DefaultWagonManagerTest.java,5,441,88,3
maven-maven-3.0/maven-compat/src/test/java/org/apache/maven/repository/legacy/WagonA.java,1,37,0,1
maven-maven-3.0/maven-compat/src/test/java/org/apache/maven/repository/legacy/resolver/DefaultArtifactCollectorTest.java,6,841,16,3
maven-maven-3.0/maven-compat/src/test/java/org/apache/maven/repository/legacy/resolver/conflict/AbstractConflictResolverTest.java,1,131,0,1
maven-maven-3.0/maven-compat/src/test/java/org/apache/maven/repository/legacy/resolver/conflict/NewestConflictResolverTest.java,1,100,0,1
maven-maven-3.0/maven-compat/src/test/java/org/apache/maven/repository/legacy/resolver/conflict/FarthestConflictResolverTest.java,1,100,0,1
maven-maven-3.0/maven-compat/src/test/java/org/apache/maven/repository/legacy/resolver/conflict/OldestConflictResolverTest.java,1,100,0,1
maven-maven-3.0/maven-compat/src/test/java/org/apache/maven/repository/legacy/resolver/conflict/NearestConflictResolverTest.java,1,100,0,1
maven-maven-3.0/maven-compat/src/test/java/org/apache/maven/repository/metadata/DefaultGraphConflictResolutionPolicyTest.java,1,42,0,1
maven-maven-3.0/maven-compat/src/test/java/org/apache/maven/repository/metadata/DefaultClasspathTransformationTest.java,1,98,0,1
maven-maven-3.0/maven-compat/src/test/java/org/apache/maven/repository/metadata/TestMetadataSource.java,4,95,6,2
maven-maven-3.0/maven-compat/src/test/java/org/apache/maven/repository/metadata/DefaultGraphConflictResolverTest.java,1,120,0,1
maven-maven-3.0/maven-compat/src/test/java/org/apache/maven/project/ProjectClasspathTest.java,2,127,1,1
maven-maven-3.0/maven-compat/src/test/java/org/apache/maven/project/EmptyLifecycleExecutor.java,7,139,53,2
maven-maven-3.0/maven-compat/src/test/java/org/apache/maven/project/ClasspathArtifactResolver.java,2,82,4,1
maven-maven-3.0/maven-compat/src/test/java/org/apache/maven/project/ModelUtilsTest.java,1,446,0,1
maven-maven-3.0/maven-compat/src/test/java/org/apache/maven/project/AbstractMavenProjectTestCase.java,2,148,0,1
maven-maven-3.0/maven-compat/src/test/java/org/apache/maven/project/LegacyLocalRepositoryManager.java,1,46,0,1
maven-maven-3.0/maven-compat/src/test/java/org/apache/maven/project/TestMavenRepositorySystem.java,1,13,0,1
maven-maven-3.0/maven-compat/src/test/java/org/apache/maven/project/EmptyLifecyclePluginAnalyzer.java,1,66,0,1
maven-maven-3.0/maven-compat/src/test/java/org/apache/maven/project/TestProjectBuilder.java,1,49,0,1
maven-maven-3.0/maven-compat/src/test/java/org/apache/maven/project/TestArtifactResolver.java,1,13,0,1
maven-maven-3.0/maven-compat/src/test/java/org/apache/maven/project/path/DefaultPathTranslatorTest.java,1,37,0,1
maven-maven-3.0/maven-compat/src/test/java/org/apache/maven/project/inheritance/AbstractProjectInheritanceTestCase.java,1,49,0,1
maven-maven-3.0/maven-compat/src/test/java/org/apache/maven/project/inheritance/t11/ProjectInheritanceTest.java,2,58,1,1
maven-maven-3.0/maven-compat/src/test/java/org/apache/maven/project/inheritance/t10/ProjectInheritanceTest.java,2,82,1,1
maven-maven-3.0/maven-compat/src/test/java/org/apache/maven/project/inheritance/t03/ProjectInheritanceTest.java,2,61,1,1
maven-maven-3.0/maven-compat/src/test/java/org/apache/maven/project/inheritance/t04/ProjectInheritanceTest.java,2,77,1,1
maven-maven-3.0/maven-compat/src/test/java/org/apache/maven/project/inheritance/t05/ProjectInheritanceTest.java,2,69,1,1
maven-maven-3.0/maven-compat/src/test/java/org/apache/maven/project/inheritance/t02/ProjectInheritanceTest.java,1,155,0,1
maven-maven-3.0/maven-compat/src/test/java/org/apache/maven/project/inheritance/t12/ProjectInheritanceTest.java,1,55,0,1
maven-maven-3.0/maven-compat/src/test/java/org/apache/maven/project/inheritance/t12scm/ProjectInheritanceTest.java,1,110,0,1
maven-maven-3.0/maven-compat/src/test/java/org/apache/maven/project/inheritance/t07/ProjectInheritanceTest.java,2,70,1,1
maven-maven-3.0/maven-compat/src/test/java/org/apache/maven/project/inheritance/t00/ProjectInheritanceTest.java,1,78,0,1
maven-maven-3.0/maven-compat/src/test/java/org/apache/maven/project/inheritance/t09/ProjectInheritanceTest.java,2,108,2,1
maven-maven-3.0/maven-compat/src/test/java/org/apache/maven/project/inheritance/t08/ProjectInheritanceTest.java,2,72,1,1
maven-maven-3.0/maven-compat/src/test/java/org/apache/maven/project/inheritance/t01/ProjectInheritanceTest.java,1,75,0,1
maven-maven-3.0/maven-compat/src/test/java/org/apache/maven/project/inheritance/t06/ProjectInheritanceTest.java,2,71,1,1
maven-maven-3.0/maven-compat/src/test/java/org/apache/maven/artifact/ArtifactUtilsTest.java,1,68,0,1
maven-maven-3.0/maven-compat/src/test/java/org/apache/maven/artifact/AbstractArtifactComponentTestCase.java,7,307,21,2
maven-maven-3.0/maven-compat/src/test/java/org/apache/maven/artifact/DefaultArtifactTest.java,3,113,1,2
maven-maven-3.0/maven-compat/src/test/java/org/apache/maven/artifact/handler/ArtifactHandlerMock.java,1,81,0,1
maven-maven-3.0/maven-compat/src/test/java/org/apache/maven/artifact/deployer/SimpleArtifactMetadataSource.java,6,71,13,2
maven-maven-3.0/maven-compat/src/test/java/org/apache/maven/artifact/deployer/ArtifactDeployerTest.java,4,83,27,2
maven-maven-3.0/maven-compat/src/test/java/org/apache/maven/artifact/repository/MavenArtifactRepositoryTest.java,1,50,0,1
maven-maven-3.0/maven-compat/src/test/java/org/apache/maven/artifact/installer/ArtifactInstallerTest.java,2,51,1,1
maven-maven-3.0/maven-compat/src/test/java/org/apache/maven/artifact/transform/TransformationManagerTest.java,3,23,1,1
maven-maven-3.0/maven-compat/src/test/java/org/apache/maven/artifact/metadata/TestMetadataSource.java,7,98,7,2
maven-maven-3.0/maven-compat/src/test/java/org/apache/maven/artifact/factory/DefaultArtifactFactoryTest.java,1,45,0,1
maven-maven-3.0/maven-compat/src/test/java/org/apache/maven/artifact/testutils/MockManager.java,2,54,1,1
maven-maven-3.0/maven-compat/src/test/java/org/apache/maven/artifact/testutils/TestFileManager.java,2,177,2,1
maven-maven-3.0/maven-compat/src/test/java/org/apache/maven/artifact/resolver/DefaultArtifactResolverTest.java,5,93,3,2
maven-maven-3.0/maven-compat/src/test/java/org/apache/maven/artifact/resolver/ArtifactResolverTest.java,19,357,133,2
maven-maven-3.0/maven-compat/src/test/java/org/apache/maven/artifact/resolver/TestTransferListener.java,1,35,0,1
maven-maven-3.0/maven-compat/src/test/java/org/apache/maven/artifact/resolver/TestFileWagon.java,1,85,0,1
maven-maven-3.0/maven-compat/src/test/java/org/apache/maven/artifact/resolver/ArtifactResolutionExceptionTest.java,1,59,0,1
maven-maven-3.0/maven-compat/src/test/java/org/apache/maven/artifact/resolver/filter/OrArtifactFilterTest.java,1,51,0,1
maven-maven-3.0/maven-compat/src/test/java/org/apache/maven/artifact/resolver/filter/FilterHashEqualsTest.java,1,42,0,1
maven-maven-3.0/maven-compat/src/test/java/org/apache/maven/artifact/resolver/filter/ScopeArtifactFilterTest.java,1,80,0,1
maven-maven-3.0/maven-compat/src/test/java/org/apache/maven/artifact/resolver/filter/AndArtifactFilterTest.java,1,51,0,1
maven-maven-3.0/maven-compat/src/test/java/org/apache/maven/profiles/manager/DefaultProfileManagerTest.java,1,157,0,1
maven-maven-3.0/maven-compat/src/main/java/org/apache/maven/reporting/MavenReportException.java,1,37,0,1
maven-maven-3.0/maven-compat/src/main/java/org/apache/maven/repository/DefaultMirrorSelector.java,3,192,7,2
maven-maven-3.0/maven-compat/src/main/java/org/apache/maven/repository/MetadataResolutionResult.java,3,279,7,3
maven-maven-3.0/maven-compat/src/main/java/org/apache/maven/repository/MetadataGraph.java,2,97,12,2
maven-maven-3.0/maven-compat/src/main/java/org/apache/maven/repository/UserLocalArtifactRepository.java,3,79,12,2
maven-maven-3.0/maven-compat/src/main/java/org/apache/maven/repository/MirrorSelector.java,1,38,0,1
maven-maven-3.0/maven-compat/src/main/java/org/apache/maven/repository/VersionNotFoundException.java,2,81,14,2
maven-maven-3.0/maven-compat/src/main/java/org/apache/maven/repository/MavenArtifactMetadata.java,2,107,7,2
maven-maven-3.0/maven-compat/src/main/java/org/apache/maven/repository/MetadataResolutionRequest.java,3,173,12,3
maven-maven-3.0/maven-compat/src/main/java/org/apache/maven/repository/MetadataGraphNode.java,2,102,15,2
maven-maven-3.0/maven-compat/src/main/java/org/apache/maven/repository/legacy/WagonManager.java,5,87,21,3
maven-maven-3.0/maven-compat/src/main/java/org/apache/maven/repository/legacy/TransferListenerAdapter.java,7,205,47,2
maven-maven-3.0/maven-compat/src/main/java/org/apache/maven/repository/legacy/ChecksumFailedException.java,1,39,0,1
maven-maven-3.0/maven-compat/src/main/java/org/apache/maven/repository/legacy/MavenArtifact.java,1,79,0,1
maven-maven-3.0/maven-compat/src/main/java/org/apache/maven/repository/legacy/UpdateCheckManager.java,4,39,8,3
maven-maven-3.0/maven-compat/src/main/java/org/apache/maven/repository/legacy/LegacyRepositorySystem.java,8,830,107,3
maven-maven-3.0/maven-compat/src/main/java/org/apache/maven/repository/legacy/DefaultWagonManager.java,25,858,173,4
maven-maven-3.0/maven-compat/src/main/java/org/apache/maven/repository/legacy/WagonConfigurationException.java,1,50,0,1
maven-maven-3.0/maven-compat/src/main/java/org/apache/maven/repository/legacy/DefaultUpdateCheckManager.java,7,452,89,3
maven-maven-3.0/maven-compat/src/main/java/org/apache/maven/repository/legacy/repository/DefaultArtifactRepositoryFactory.java,3,137,16,3
maven-maven-3.0/maven-compat/src/main/java/org/apache/maven/repository/legacy/repository/ArtifactRepositoryFactory.java,2,59,15,2
maven-maven-3.0/maven-compat/src/main/java/org/apache/maven/repository/legacy/resolver/DefaultLegacyArtifactCollector.java,17,773,73,3
maven-maven-3.0/maven-compat/src/main/java/org/apache/maven/repository/legacy/resolver/LegacyArtifactCollector.java,4,73,18,3
maven-maven-3.0/maven-compat/src/main/java/org/apache/maven/repository/legacy/resolver/conflict/OldestConflictResolver.java,2,59,3,2
maven-maven-3.0/maven-compat/src/main/java/org/apache/maven/repository/legacy/resolver/conflict/ConflictResolverFactory.java,1,44,0,1
maven-maven-3.0/maven-compat/src/main/java/org/apache/maven/repository/legacy/resolver/conflict/ConflictResolver.java,2,44,3,2
maven-maven-3.0/maven-compat/src/main/java/org/apache/maven/repository/legacy/resolver/conflict/NearestConflictResolver.java,2,47,3,2
maven-maven-3.0/maven-compat/src/main/java/org/apache/maven/repository/legacy/resolver/conflict/FarthestConflictResolver.java,2,46,3,2
maven-maven-3.0/maven-compat/src/main/java/org/apache/maven/repository/legacy/resolver/conflict/NewestConflictResolver.java,2,59,3,2
maven-maven-3.0/maven-compat/src/main/java/org/apache/maven/repository/legacy/resolver/conflict/ConflictResolverNotFoundException.java,1,43,0,1
maven-maven-3.0/maven-compat/src/main/java/org/apache/maven/repository/legacy/resolver/conflict/DefaultConflictResolver.java,2,36,2,2
maven-maven-3.0/maven-compat/src/main/java/org/apache/maven/repository/legacy/resolver/conflict/DefaultConflictResolverFactory.java,2,75,4,2
maven-maven-3.0/maven-compat/src/main/java/org/apache/maven/repository/legacy/resolver/transform/AbstractVersionTransformation.java,3,126,4,2
maven-maven-3.0/maven-compat/src/main/java/org/apache/maven/repository/legacy/resolver/transform/LatestArtifactTransformation.java,3,79,13,3
maven-maven-3.0/maven-compat/src/main/java/org/apache/maven/repository/legacy/resolver/transform/SnapshotTransformation.java,5,177,28,3
maven-maven-3.0/maven-compat/src/main/java/org/apache/maven/repository/legacy/resolver/transform/ArtifactTransformationManager.java,3,81,7,3
maven-maven-3.0/maven-compat/src/main/java/org/apache/maven/repository/legacy/resolver/transform/ArtifactTransformation.java,2,80,0,2
maven-maven-3.0/maven-compat/src/main/java/org/apache/maven/repository/legacy/resolver/transform/DefaultArtifactTransformationManager.java,4,88,11,3
maven-maven-3.0/maven-compat/src/main/java/org/apache/maven/repository/legacy/resolver/transform/ReleaseArtifactTransformation.java,3,100,13,3
maven-maven-3.0/maven-compat/src/main/java/org/apache/maven/repository/metadata/MetadataSource.java,2,36,1,2
maven-maven-3.0/maven-compat/src/main/java/org/apache/maven/repository/metadata/MetadataResolutionResult.java,3,217,60,2
maven-maven-3.0/maven-compat/src/main/java/org/apache/maven/repository/metadata/MetadataGraphEdge.java,2,236,72,2
maven-maven-3.0/maven-compat/src/main/java/org/apache/maven/repository/metadata/MetadataResolutionRequestTypeEnum.java,2,40,0,2
maven-maven-3.0/maven-compat/src/main/java/org/apache/maven/repository/metadata/GraphConflictResolver.java,2,51,6,2
maven-maven-3.0/maven-compat/src/main/java/org/apache/maven/repository/metadata/MetadataGraph.java,3,713,260,2
maven-maven-3.0/maven-compat/src/main/java/org/apache/maven/repository/metadata/GraphConflictResolutionPolicy.java,2,40,8,2
maven-maven-3.0/maven-compat/src/main/java/org/apache/maven/repository/metadata/MetadataGraphTransformationException.java,2,58,15,2
maven-maven-3.0/maven-compat/src/main/java/org/apache/maven/repository/metadata/GraphConflictResolutionException.java,2,64,19,2
maven-maven-3.0/maven-compat/src/main/java/org/apache/maven/repository/metadata/MetadataRetrievalException.java,2,56,5,2
maven-maven-3.0/maven-compat/src/main/java/org/apache/maven/repository/metadata/DefaultGraphConflictResolver.java,2,219,4,2
maven-maven-3.0/maven-compat/src/main/java/org/apache/maven/repository/metadata/ClasspathTransformation.java,2,50,8,2
maven-maven-3.0/maven-compat/src/main/java/org/apache/maven/repository/metadata/MetadataResolutionException.java,2,44,2,2
maven-maven-3.0/maven-compat/src/main/java/org/apache/maven/repository/metadata/MetadataGraphVertex.java,2,302,117,2
maven-maven-3.0/maven-compat/src/main/java/org/apache/maven/repository/metadata/ClasspathContainer.java,3,214,91,2
maven-maven-3.0/maven-compat/src/main/java/org/apache/maven/repository/metadata/DefaultGraphConflictResolutionPolicy.java,3,91,28,2
maven-maven-3.0/maven-compat/src/main/java/org/apache/maven/repository/metadata/MetadataTreeNode.java,2,151,26,2
maven-maven-3.0/maven-compat/src/main/java/org/apache/maven/repository/metadata/ArtifactMetadata.java,2,443,142,2
maven-maven-3.0/maven-compat/src/main/java/org/apache/maven/repository/metadata/MetadataResolutionRequest.java,2,69,2,2
maven-maven-3.0/maven-compat/src/main/java/org/apache/maven/repository/metadata/MetadataResolution.java,2,86,22,2
maven-maven-3.0/maven-compat/src/main/java/org/apache/maven/repository/metadata/DefaultClasspathTransformation.java,3,269,109,2
maven-maven-3.0/maven-compat/src/main/java/org/apache/maven/project/ProjectBuilderConfiguration.java,1,37,0,1
maven-maven-3.0/maven-compat/src/main/java/org/apache/maven/project/InvalidProjectModelException.java,1,63,0,1
maven-maven-3.0/maven-compat/src/main/java/org/apache/maven/project/ModelUtils.java,8,307,7,4
maven-maven-3.0/maven-compat/src/main/java/org/apache/maven/project/DefaultMavenProjectBuilder.java,11,393,133,2
maven-maven-3.0/maven-compat/src/main/java/org/apache/maven/project/MissingRepositoryElementException.java,1,32,0,1
maven-maven-3.0/maven-compat/src/main/java/org/apache/maven/project/MavenProjectBuilder.java,5,78,19,2
maven-maven-3.0/maven-compat/src/main/java/org/apache/maven/project/ProjectUtils.java,6,243,137,3
maven-maven-3.0/maven-compat/src/main/java/org/apache/maven/project/DefaultProjectBuilderConfiguration.java,1,85,0,1
maven-maven-3.0/maven-compat/src/main/java/org/apache/maven/project/path/DefaultPathTranslator.java,5,220,34,3
maven-maven-3.0/maven-compat/src/main/java/org/apache/maven/project/inheritance/ModelInheritanceAssembler.java,3,35,0,2
maven-maven-3.0/maven-compat/src/main/java/org/apache/maven/project/inheritance/DefaultModelInheritanceAssembler.java,7,635,27,3
maven-maven-3.0/maven-compat/src/main/java/org/apache/maven/project/interpolation/RegexBasedModelInterpolator.java,1,52,0,1
maven-maven-3.0/maven-compat/src/main/java/org/apache/maven/project/interpolation/ModelInterpolationException.java,2,61,1,2
maven-maven-3.0/maven-compat/src/main/java/org/apache/maven/project/interpolation/BuildTimestampValueSource.java,1,54,0,1
maven-maven-3.0/maven-compat/src/main/java/org/apache/maven/project/interpolation/ModelInterpolator.java,1,56,0,1
maven-maven-3.0/maven-compat/src/main/java/org/apache/maven/project/interpolation/StringSearchModelInterpolator.java,2,405,40,2
maven-maven-3.0/maven-compat/src/main/java/org/apache/maven/project/interpolation/AbstractStringBasedModelInterpolator.java,3,379,24,2
maven-maven-3.0/maven-compat/src/main/java/org/apache/maven/project/interpolation/PathTranslatingPostProcessor.java,2,58,3,2
maven-maven-3.0/maven-compat/src/main/java/org/apache/maven/project/validation/ModelValidator.java,1,32,0,1
maven-maven-3.0/maven-compat/src/main/java/org/apache/maven/project/validation/DefaultModelValidator.java,9,89,24,2
maven-maven-3.0/maven-compat/src/main/java/org/apache/maven/project/validation/ModelValidationResult.java,4,82,3,2
maven-maven-3.0/maven-compat/src/main/java/org/apache/maven/execution/RuntimeInformation.java,4,66,36,2
maven-maven-3.0/maven-compat/src/main/java/org/apache/maven/execution/DefaultRuntimeInformation.java,5,181,105,3
maven-maven-3.0/maven-compat/src/main/java/org/apache/maven/artifact/UnknownRepositoryLayoutException.java,3,52,6,3
maven-maven-3.0/maven-compat/src/main/java/org/apache/maven/artifact/ArtifactScopeEnum.java,4,150,33,3
maven-maven-3.0/maven-compat/src/main/java/org/apache/maven/artifact/deployer/DefaultArtifactDeployer.java,12,251,111,3
maven-maven-3.0/maven-compat/src/main/java/org/apache/maven/artifact/deployer/ArtifactDeployer.java,4,111,56,2
maven-maven-3.0/maven-compat/src/main/java/org/apache/maven/artifact/deployer/ArtifactDeploymentException.java,1,40,0,1
maven-maven-3.0/maven-compat/src/main/java/org/apache/maven/artifact/repository/DefaultArtifactRepositoryFactory.java,8,223,116,3
maven-maven-3.0/maven-compat/src/main/java/org/apache/maven/artifact/repository/DefaultArtifactRepository.java,20,272,69,3
maven-maven-3.0/maven-compat/src/main/java/org/apache/maven/artifact/repository/ArtifactRepositoryFactory.java,5,97,54,2
maven-maven-3.0/maven-compat/src/main/java/org/apache/maven/artifact/repository/LegacyLocalRepositoryManager.java,1,290,0,1
maven-maven-3.0/maven-compat/src/main/java/org/apache/maven/artifact/repository/layout/FlatRepositoryLayout.java,6,77,7,4
maven-maven-3.0/maven-compat/src/main/java/org/apache/maven/artifact/repository/metadata/RepositoryMetadataReadException.java,1,38,0,1
maven-maven-3.0/maven-compat/src/main/java/org/apache/maven/artifact/repository/metadata/MetadataBridge.java,1,133,0,1
maven-maven-3.0/maven-compat/src/main/java/org/apache/maven/artifact/repository/metadata/MetadataUtils.java,2,85,50,1
maven-maven-3.0/maven-compat/src/main/java/org/apache/maven/artifact/repository/metadata/GroupRepositoryMetadata.java,2,102,0,2
maven-maven-3.0/maven-compat/src/main/java/org/apache/maven/artifact/repository/metadata/SnapshotArtifactRepositoryMetadata.java,3,84,0,2
maven-maven-3.0/maven-compat/src/main/java/org/apache/maven/artifact/repository/metadata/DefaultRepositoryMetadataManager.java,20,882,422,3
maven-maven-3.0/maven-compat/src/main/java/org/apache/maven/artifact/manager/WagonManager.java,16,251,203,4
maven-maven-3.0/maven-compat/src/main/java/org/apache/maven/artifact/manager/DefaultWagonManager.java,28,1578,1427,6
maven-maven-3.0/maven-compat/src/main/java/org/apache/maven/artifact/manager/WagonConfigurationException.java,3,85,50,2
maven-maven-3.0/maven-compat/src/main/java/org/apache/maven/artifact/versioning/ManagedVersionMap.java,5,57,6,3
maven-maven-3.0/maven-compat/src/main/java/org/apache/maven/artifact/installer/DefaultArtifactInstaller.java,12,183,64,4
maven-maven-3.0/maven-compat/src/main/java/org/apache/maven/artifact/installer/ArtifactInstallationException.java,1,40,0,1
maven-maven-3.0/maven-compat/src/main/java/org/apache/maven/artifact/installer/ArtifactInstaller.java,4,103,48,2
maven-maven-3.0/maven-compat/src/main/java/org/apache/maven/artifact/resolver/UnresolvedArtifacts.java,3,55,1,2
maven-maven-3.0/maven-compat/src/main/java/org/apache/maven/artifact/resolver/ArtifactCollector.java,8,118,82,3
maven-maven-3.0/maven-compat/src/main/java/org/apache/maven/artifact/resolver/ArtifactResolver.java,18,272,180,4
maven-maven-3.0/maven-compat/src/main/java/org/apache/maven/artifact/resolver/WarningResolutionListener.java,2,78,2,1
maven-maven-3.0/maven-compat/src/main/java/org/apache/maven/artifact/resolver/ResolutionListenerForDepMgmt.java,1,38,0,1
maven-maven-3.0/maven-compat/src/main/java/org/apache/maven/artifact/resolver/DefaultArtifactResolver.java,77,1349,809,3
maven-maven-3.0/maven-compat/src/main/java/org/apache/maven/artifact/resolver/DefaultArtifactCollector.java,12,737,710,4
maven-maven-3.0/maven-compat/src/main/java/org/apache/maven/artifact/resolver/DebugResolutionListener.java,4,175,31,2
maven-maven-3.0/maven-compat/src/main/java/org/apache/maven/artifact/resolver/filter/InversionArtifactFilter.java,2,57,0,2
maven-maven-3.0/maven-compat/src/main/java/org/apache/maven/artifact/resolver/filter/TypeArtifactFilter.java,2,58,0,2
maven-maven-3.0/maven-compat/src/main/java/org/apache/maven/artifact/resolver/filter/OrArtifactFilter.java,3,95,14,1
maven-maven-3.0/maven-compat/src/main/java/org/apache/maven/profiles/DefaultMavenProfilesBuilder.java,2,78,1,2
maven-maven-3.0/maven-compat/src/main/java/org/apache/maven/profiles/DefaultProfileManager.java,8,355,145,2
maven-maven-3.0/maven-compat/src/main/java/org/apache/maven/profiles/ProfilesConversionUtils.java,1,122,0,1
maven-maven-3.0/maven-compat/src/main/java/org/apache/maven/profiles/ProfileManager.java,2,65,24,1
maven-maven-3.0/maven-compat/src/main/java/org/apache/maven/profiles/MavenProfilesBuilder.java,1,33,0,1
maven-maven-3.0/maven-compat/src/main/java/org/apache/maven/profiles/activation/JdkPrefixProfileActivator.java,2,91,8,2
maven-maven-3.0/maven-compat/src/main/java/org/apache/maven/profiles/activation/SystemPropertyProfileActivator.java,2,107,10,2
maven-maven-3.0/maven-compat/src/main/java/org/apache/maven/profiles/activation/FileProfileActivator.java,2,97,2,2
maven-maven-3.0/maven-compat/src/main/java/org/apache/maven/profiles/activation/DetectedProfileActivator.java,1,30,0,1
maven-maven-3.0/maven-compat/src/main/java/org/apache/maven/profiles/activation/OperatingSystemProfileActivator.java,1,146,0,1
maven-maven-3.0/maven-compat/src/main/java/org/apache/maven/profiles/activation/ProfileActivationException.java,2,35,2,2
maven-maven-3.0/maven-compat/src/main/java/org/apache/maven/profiles/activation/ProfileActivator.java,2,29,1,2
maven-maven-3.0/maven-compat/src/main/java/org/apache/maven/usability/plugin/ExpressionDocumenter.java,2,150,4,2
maven-maven-3.0/maven-compat/src/main/java/org/apache/maven/usability/plugin/ExpressionDocumentationException.java,1,32,0,1
maven-maven-3.0/maven-model-builder/src/test/java/org/apache/maven/model/path/DefaultUrlNormalizerTest.java,1,69,0,1
maven-maven-3.0/maven-model-builder/src/test/java/org/apache/maven/model/profile/activation/AbstractProfileActivatorTest.java,3,75,2,1
maven-maven-3.0/maven-model-builder/src/test/java/org/apache/maven/model/profile/activation/JdkVersionProfileActivatorTest.java,5,186,39,1
maven-maven-3.0/maven-model-builder/src/test/java/org/apache/maven/model/profile/activation/PropertyProfileActivatorTest.java,2,162,28,1
maven-maven-3.0/maven-model-builder/src/test/java/org/apache/maven/model/interpolation/StringSearchModelInterpolatorTest.java,5,430,40,2
maven-maven-3.0/maven-model-builder/src/test/java/org/apache/maven/model/interpolation/AbstractModelInterpolatorTest.java,2,362,9,2
maven-maven-3.0/maven-model-builder/src/test/java/org/apache/maven/model/validation/DefaultModelValidatorTest.java,37,618,203,1
maven-maven-3.0/maven-model-builder/src/test/java/org/apache/maven/model/building/DefaultModelBuilderFactoryTest.java,2,45,0,1
maven-maven-3.0/maven-model-builder/src/test/java/org/apache/maven/model/building/SimpleProblemCollector.java,3,79,17,1
maven-maven-3.0/maven-model-builder/src/main/java/org/apache/maven/model/superpom/SuperPomProvider.java,1,37,0,1
maven-maven-3.0/maven-model-builder/src/main/java/org/apache/maven/model/superpom/DefaultSuperPomProvider.java,5,78,5,3
maven-maven-3.0/maven-model-builder/src/main/java/org/apache/maven/model/locator/DefaultModelLocator.java,1,35,0,1
maven-maven-3.0/maven-model-builder/src/main/java/org/apache/maven/model/locator/ModelLocator.java,1,39,0,1
maven-maven-3.0/maven-model-builder/src/main/java/org/apache/maven/model/normalization/ModelNormalizer.java,5,54,6,1
maven-maven-3.0/maven-model-builder/src/main/java/org/apache/maven/model/normalization/DefaultModelNormalizer.java,9,142,27,1
maven-maven-3.0/maven-model-builder/src/main/java/org/apache/maven/model/merge/MavenModelMerger.java,23,794,204,2
maven-maven-3.0/maven-model-builder/src/main/java/org/apache/maven/model/path/PathTranslator.java,3,40,2,1
maven-maven-3.0/maven-model-builder/src/main/java/org/apache/maven/model/path/UrlNormalizer.java,1,35,0,1
maven-maven-3.0/maven-model-builder/src/main/java/org/apache/maven/model/path/ModelPathTranslator.java,3,41,2,1
maven-maven-3.0/maven-model-builder/src/main/java/org/apache/maven/model/path/DefaultPathTranslator.java,2,56,0,1
maven-maven-3.0/maven-model-builder/src/main/java/org/apache/maven/model/path/DefaultUrlNormalizer.java,1,53,0,1
maven-maven-3.0/maven-model-builder/src/main/java/org/apache/maven/model/path/ModelUrlNormalizer.java,1,37,0,1
maven-maven-3.0/maven-model-builder/src/main/java/org/apache/maven/model/path/DefaultModelUrlNormalizer.java,2,72,0,1
maven-maven-3.0/maven-model-builder/src/main/java/org/apache/maven/model/path/DefaultModelPathTranslator.java,4,91,2,1
maven-maven-3.0/maven-model-builder/src/main/java/org/apache/maven/model/io/DefaultModelReader.java,7,142,27,1
maven-maven-3.0/maven-model-builder/src/main/java/org/apache/maven/model/io/DefaultModelWriter.java,1,100,0,1
maven-maven-3.0/maven-model-builder/src/main/java/org/apache/maven/model/io/ModelWriter.java,2,68,2,1
maven-maven-3.0/maven-model-builder/src/main/java/org/apache/maven/model/io/ModelParseException.java,3,87,4,1
maven-maven-3.0/maven-model-builder/src/main/java/org/apache/maven/model/io/ModelReader.java,7,92,13,3
maven-maven-3.0/maven-model-builder/src/main/java/org/apache/maven/model/plugin/LifecycleBindingsInjector.java,4,46,5,1
maven-maven-3.0/maven-model-builder/src/main/java/org/apache/maven/model/plugin/DefaultReportConfigurationExpander.java,1,57,0,1
maven-maven-3.0/maven-model-builder/src/main/java/org/apache/maven/model/plugin/PluginConfigurationExpander.java,5,45,7,1
maven-maven-3.0/maven-model-builder/src/main/java/org/apache/maven/model/plugin/ReportingConverter.java,1,38,0,1
maven-maven-3.0/maven-model-builder/src/main/java/org/apache/maven/model/plugin/DefaultPluginConfigurationExpander.java,6,105,36,1
maven-maven-3.0/maven-model-builder/src/main/java/org/apache/maven/model/plugin/ReportConfigurationExpander.java,1,38,0,1
maven-maven-3.0/maven-model-builder/src/main/java/org/apache/maven/model/plugin/DefaultReportingConverter.java,8,215,17,2
maven-maven-3.0/maven-model-builder/src/main/java/org/apache/maven/model/management/DefaultPluginManagementInjector.java,6,153,36,2
maven-maven-3.0/maven-model-builder/src/main/java/org/apache/maven/model/management/DependencyManagementInjector.java,3,42,3,1
maven-maven-3.0/maven-model-builder/src/main/java/org/apache/maven/model/management/DefaultDependencyManagementInjector.java,4,101,7,2
maven-maven-3.0/maven-model-builder/src/main/java/org/apache/maven/model/management/PluginManagementInjector.java,3,54,15,1
maven-maven-3.0/maven-model-builder/src/main/java/org/apache/maven/model/composition/DependencyManagementImporter.java,3,46,4,1
maven-maven-3.0/maven-model-builder/src/main/java/org/apache/maven/model/composition/DefaultDependencyManagementImporter.java,3,83,11,1
maven-maven-3.0/maven-model-builder/src/main/java/org/apache/maven/model/resolution/UnresolvableModelException.java,2,101,2,1
maven-maven-3.0/maven-model-builder/src/main/java/org/apache/maven/model/resolution/InvalidRepositoryException.java,1,65,0,1
maven-maven-3.0/maven-model-builder/src/main/java/org/apache/maven/model/resolution/ModelResolver.java,7,72,12,2
maven-maven-3.0/maven-model-builder/src/main/java/org/apache/maven/model/inheritance/InheritanceAssembler.java,6,50,7,1
maven-maven-3.0/maven-model-builder/src/main/java/org/apache/maven/model/inheritance/DefaultInheritanceAssembler.java,12,244,42,3
maven-maven-3.0/maven-model-builder/src/main/java/org/apache/maven/model/profile/ProfileSelector.java,3,51,8,1
maven-maven-3.0/maven-model-builder/src/main/java/org/apache/maven/model/profile/DefaultProfileActivationContext.java,6,241,55,1
maven-maven-3.0/maven-model-builder/src/main/java/org/apache/maven/model/profile/DefaultProfileSelector.java,9,148,34,1
maven-maven-3.0/maven-model-builder/src/main/java/org/apache/maven/model/profile/DefaultProfileInjector.java,8,179,24,2
maven-maven-3.0/maven-model-builder/src/main/java/org/apache/maven/model/profile/ProfileInjector.java,6,46,5,1
maven-maven-3.0/maven-model-builder/src/main/java/org/apache/maven/model/profile/ProfileActivationContext.java,5,109,46,1
maven-maven-3.0/maven-model-builder/src/main/java/org/apache/maven/model/profile/activation/FileProfileActivator.java,8,167,44,1
maven-maven-3.0/maven-model-builder/src/main/java/org/apache/maven/model/profile/activation/OperatingSystemProfileActivator.java,2,149,3,1
maven-maven-3.0/maven-model-builder/src/main/java/org/apache/maven/model/profile/activation/JdkVersionProfileActivator.java,10,212,42,1
maven-maven-3.0/maven-model-builder/src/main/java/org/apache/maven/model/profile/activation/PropertyProfileActivator.java,6,114,14,1
maven-maven-3.0/maven-model-builder/src/main/java/org/apache/maven/model/profile/activation/ProfileActivator.java,2,46,5,1
maven-maven-3.0/maven-model-builder/src/main/java/org/apache/maven/model/interpolation/BuildTimestampValueSource.java,2,54,1,1
maven-maven-3.0/maven-model-builder/src/main/java/org/apache/maven/model/interpolation/ModelInterpolator.java,6,65,17,2
maven-maven-3.0/maven-model-builder/src/main/java/org/apache/maven/model/interpolation/StringSearchModelInterpolator.java,16,512,175,3
maven-maven-3.0/maven-model-builder/src/main/java/org/apache/maven/model/interpolation/ProblemDetectingValueSource.java,4,69,2,1
maven-maven-3.0/maven-model-builder/src/main/java/org/apache/maven/model/interpolation/AbstractStringBasedModelInterpolator.java,18,313,75,3
maven-maven-3.0/maven-model-builder/src/main/java/org/apache/maven/model/interpolation/UrlNormalizingPostProcessor.java,1,56,0,1
maven-maven-3.0/maven-model-builder/src/main/java/org/apache/maven/model/interpolation/PathTranslatingPostProcessor.java,5,67,10,2
maven-maven-3.0/maven-model-builder/src/main/java/org/apache/maven/model/validation/ModelValidator.java,4,62,13,1
maven-maven-3.0/maven-model-builder/src/main/java/org/apache/maven/model/validation/DefaultModelValidator.java,53,1486,779,2
maven-maven-3.0/maven-model-builder/src/main/java/org/apache/maven/model/building/FilterModelBuildingRequest.java,2,175,0,1
maven-maven-3.0/maven-model-builder/src/main/java/org/apache/maven/model/building/FileModelSource.java,2,70,1,1
maven-maven-3.0/maven-model-builder/src/main/java/org/apache/maven/model/building/ModelBuildingEvent.java,2,48,2,1
maven-maven-3.0/maven-model-builder/src/main/java/org/apache/maven/model/building/ModelCacheTag.java,4,120,16,2
maven-maven-3.0/maven-model-builder/src/main/java/org/apache/maven/model/building/DefaultModelBuildingRequest.java,10,297,27,1
maven-maven-3.0/maven-model-builder/src/main/java/org/apache/maven/model/building/DefaultModelProcessor.java,3,120,53,2
maven-maven-3.0/maven-model-builder/src/main/java/org/apache/maven/model/building/ModelBuildingListener.java,3,42,6,1
maven-maven-3.0/maven-model-builder/src/main/java/org/apache/maven/model/building/ModelBuildingEventCatapult.java,2,45,3,2
maven-maven-3.0/maven-model-builder/src/main/java/org/apache/maven/model/building/ModelBuildingResult.java,2,89,2,1
maven-maven-3.0/maven-model-builder/src/main/java/org/apache/maven/model/building/ModelSource.java,1,43,0,1
maven-maven-3.0/maven-model-builder/src/main/java/org/apache/maven/model/building/DefaultModelBuildingResult.java,2,145,6,1
maven-maven-3.0/maven-model-builder/src/main/java/org/apache/maven/model/building/StringModelSource.java,1,76,0,1
maven-maven-3.0/maven-model-builder/src/main/java/org/apache/maven/model/building/DefaultModelBuilderFactory.java,2,209,1,1
maven-maven-3.0/maven-model-builder/src/main/java/org/apache/maven/model/building/DefaultModelProblem.java,5,189,61,1
maven-maven-3.0/maven-model-builder/src/main/java/org/apache/maven/model/building/DefaultModelBuildingEvent.java,3,53,3,1
maven-maven-3.0/maven-model-builder/src/main/java/org/apache/maven/model/building/ModelProblemUtils.java,5,152,9,1
maven-maven-3.0/maven-model-builder/src/main/java/org/apache/maven/model/building/DefaultModelBuilder.java,67,1386,538,3
maven-maven-3.0/maven-model-builder/src/main/java/org/apache/maven/model/building/ModelCache.java,1,51,0,1
maven-maven-3.0/maven-model-builder/src/main/java/org/apache/maven/model/building/ModelProblemCollector.java,4,66,25,1
maven-maven-3.0/maven-model-builder/src/main/java/org/apache/maven/model/building/ModelData.java,2,186,1,1
maven-maven-3.0/maven-model-builder/src/main/java/org/apache/maven/model/building/UrlModelSource.java,1,68,0,1
maven-maven-3.0/maven-model-builder/src/main/java/org/apache/maven/model/building/ModelBuilder.java,3,69,20,1
maven-maven-3.0/maven-model-builder/src/main/java/org/apache/maven/model/building/ModelProblem.java,6,180,91,1
maven-maven-3.0/maven-model-builder/src/main/java/org/apache/maven/model/building/ModelProcessor.java,4,27,1,2
maven-maven-3.0/maven-model-builder/src/main/java/org/apache/maven/model/building/ModelBuildingException.java,7,120,11,1
maven-maven-3.0/maven-model-builder/src/main/java/org/apache/maven/model/building/DefaultModelProblemCollector.java,10,219,73,1
maven-maven-3.0/maven-model-builder/src/main/java/org/apache/maven/model/building/AbstractModelBuildingListener.java,2,33,1,1
maven-maven-3.0/maven-model-builder/src/main/java/org/apache/maven/model/building/ModelBuildingRequest.java,9,324,46,2
maven-maven-3.0/maven-artifact/src/test/java/org/apache/maven/artifact/versioning/ComparableVersionTest.java,2,184,3,1
maven-maven-3.0/maven-artifact/src/test/java/org/apache/maven/artifact/versioning/VersionRangeTest.java,16,1331,675,5
maven-maven-3.0/maven-artifact/src/test/java/org/apache/maven/artifact/versioning/DefaultArtifactVersionTest.java,18,618,440,5
maven-maven-3.0/maven-artifact/src/main/java/org/apache/maven/repository/Proxy.java,2,181,12,2
maven-maven-3.0/maven-artifact/src/main/java/org/apache/maven/repository/legacy/metadata/ArtifactMetadata.java,1,71,0,1
maven-maven-3.0/maven-artifact/src/main/java/org/apache/maven/artifact/Artifact.java,40,238,144,5
maven-maven-3.0/maven-artifact/src/main/java/org/apache/maven/artifact/DefaultArtifact.java,67,1263,772,8
maven-maven-3.0/maven-artifact/src/main/java/org/apache/maven/artifact/ArtifactUtils.java,14,369,184,5
maven-maven-3.0/maven-artifact/src/main/java/org/apache/maven/artifact/InvalidArtifactRTException.java,5,194,108,4
maven-maven-3.0/maven-artifact/src/main/java/org/apache/maven/artifact/handler/ArtifactHandler.java,12,107,73,3
maven-maven-3.0/maven-artifact/src/main/java/org/apache/maven/artifact/repository/ArtifactRepositoryPolicy.java,8,323,133,4
maven-maven-3.0/maven-artifact/src/main/java/org/apache/maven/artifact/repository/ArtifactRepository.java,31,323,252,7
maven-maven-3.0/maven-artifact/src/main/java/org/apache/maven/artifact/repository/Authentication.java,1,71,0,1
maven-maven-3.0/maven-artifact/src/main/java/org/apache/maven/artifact/repository/layout/ArtifactRepositoryLayout.java,15,102,71,7
maven-maven-3.0/maven-artifact/src/main/java/org/apache/maven/artifact/repository/layout/ArtifactRepositoryLayout2.java,2,29,2,2
maven-maven-3.0/maven-artifact/src/main/java/org/apache/maven/artifact/repository/metadata/RepositoryMetadataStoreException.java,4,86,48,3
maven-maven-3.0/maven-artifact/src/main/java/org/apache/maven/artifact/versioning/DefaultArtifactVersion.java,15,548,337,4
maven-maven-3.0/maven-artifact/src/main/java/org/apache/maven/artifact/versioning/Restriction.java,10,292,123,4
maven-maven-3.0/maven-artifact/src/main/java/org/apache/maven/artifact/versioning/ArtifactVersion.java,6,88,52,4
maven-maven-3.0/maven-artifact/src/main/java/org/apache/maven/artifact/versioning/VersionRange.java,26,1188,662,6
maven-maven-3.0/maven-artifact/src/main/java/org/apache/maven/artifact/versioning/InvalidVersionSpecificationException.java,4,77,44,3
maven-maven-3.0/maven-artifact/src/main/java/org/apache/maven/artifact/versioning/ComparableVersion.java,3,413,19,2
maven-maven-3.0/maven-artifact/src/main/java/org/apache/maven/artifact/versioning/OverConstrainedVersionException.java,5,101,57,3
maven-maven-3.0/maven-artifact/src/main/java/org/apache/maven/artifact/metadata/ArtifactMetadata.java,24,185,160,6
maven-maven-3.0/maven-artifact/src/main/java/org/apache/maven/artifact/resolver/MultipleArtifactsNotFoundException.java,9,223,121,5
maven-maven-3.0/maven-artifact/src/main/java/org/apache/maven/artifact/resolver/CyclicDependencyException.java,8,110,69,3
maven-maven-3.0/maven-artifact/src/main/java/org/apache/maven/artifact/resolver/ArtifactNotFoundException.java,12,221,153,6
maven-maven-3.0/maven-artifact/src/main/java/org/apache/maven/artifact/resolver/ArtifactResolutionException.java,22,403,345,6
maven-maven-3.0/maven-artifact/src/main/java/org/apache/maven/artifact/resolver/AbstractArtifactResolutionException.java,13,590,297,7
maven-maven-3.0/maven-artifact/src/main/java/org/apache/maven/artifact/resolver/filter/ArtifactFilter.java,7,72,44,3
maven-maven-3.0/maven-embedder/src/test/embedder-test-project/src/test/java/org/apache/maven/AppTest.java,1,34,0,1
maven-maven-3.0/maven-embedder/src/test/embedder-test-project/src/main/java/org/apache/maven/App.java,1,12,0,1
maven-maven-3.0/maven-embedder/src/test/projects/isolated-project-getting-parent-pom/project/src/test/java/org/codehaus/m2eclipse/AppTest.java,1,34,0,1
maven-maven-3.0/maven-embedder/src/test/projects/isolated-project-getting-parent-pom/project/src/main/java/org/codehaus/m2eclipse/App.java,1,12,0,1
maven-maven-3.0/maven-embedder/src/test/error-reporting-projects/bad-ext-plugin-dep-ver/plugin/src/main/java/org/plugin/TestPlugin.java,1,27,0,1
maven-maven-3.0/maven-embedder/src/test/error-reporting-projects/profile-activator-lookup-err/ext/src/main/java/org/ext/App.java,1,12,0,1
maven-maven-3.0/maven-embedder/src/test/error-reporting-projects/bad-build-plan/plugin/src/main/java/org/plugin/TestPlugin.java,1,28,0,1
maven-maven-3.0/maven-embedder/src/test/error-reporting-projects/mojo-config-error/plugin/src/main/java/org/plugin/TestPlugin.java,1,27,0,1
maven-maven-3.0/maven-embedder/src/test/error-reporting-projects/ext-plugin-realm-error/plugin/src/main/java/org/plugin/ComponentTwo.java,1,5,0,1
maven-maven-3.0/maven-embedder/src/test/error-reporting-projects/ext-plugin-realm-error/plugin/src/main/java/org/plugin/TestPlugin.java,1,31,0,1
maven-maven-3.0/maven-embedder/src/test/error-reporting-projects/ext-plugin-realm-error/plugin/src/main/java/org/plugin/ComponentOne.java,1,5,0,1
maven-maven-3.0/maven-embedder/src/test/error-reporting-projects/duplicated-attachments/plugin/src/main/java/org/plugin/TestPlugin.java,1,41,0,1
maven-maven-3.0/maven-embedder/src/test/error-reporting-projects/config-rdonly-mojo-param/plugin/src/main/java/org/plugin/TestPlugin.java,1,32,0,1
maven-maven-3.0/maven-embedder/src/test/error-reporting-projects/missing-module-pom/child1/src/test/java/org/test/AppTest.java,1,34,0,1
maven-maven-3.0/maven-embedder/src/test/error-reporting-projects/missing-module-pom/child1/src/main/java/org/test/App.java,1,12,0,1
maven-maven-3.0/maven-embedder/src/test/error-reporting-projects/err-resolving-project-dep/project/src/test/java/org/apache/maven/test/error/mojoFailure/AppTest.java,1,34,0,1
maven-maven-3.0/maven-embedder/src/test/error-reporting-projects/err-resolving-project-dep/project/src/main/java/org/apache/maven/test/error/mojoFailure/App.java,1,12,0,1
maven-maven-3.0/maven-embedder/src/test/error-reporting-projects/project-dep-missing/src/test/java/org/apache/maven/test/error/mojoFailure/AppTest.java,1,34,0,1
maven-maven-3.0/maven-embedder/src/test/error-reporting-projects/project-dep-missing/src/main/java/org/apache/maven/test/error/mojoFailure/App.java,1,12,0,1
maven-maven-3.0/maven-embedder/src/test/error-reporting-projects/mojo-lookup-err/plugin/src/main/java/org/plugin/TestPlugin.java,1,35,0,1
maven-maven-3.0/maven-embedder/src/test/error-reporting-projects/missing-req-mojo-param/plugin/src/main/java/org/plugin/TestPlugin.java,1,31,0,1
maven-maven-3.0/maven-embedder/src/test/error-reporting-projects/aggregate-mojo-failure/plugin/src/main/java/org/plugin/TestPlugin.java,1,29,0,1
maven-maven-3.0/maven-embedder/src/test/error-reporting-projects/bad-ext-plugin-maven-ver/plugin/src/main/java/org/plugin/TestPlugin.java,1,27,0,1
maven-maven-3.0/maven-embedder/src/test/error-reporting-projects/ext-plugin-version-err/plugin/src/main/java/org/plugin/TestPlugin.java,1,27,0,1
maven-maven-3.0/maven-embedder/src/test/error-reporting-projects/project-mojo-failure/src/test/java/org/apache/maven/test/error/mojoFailure/AppTest.java,1,34,0,1
maven-maven-3.0/maven-embedder/src/test/error-reporting-projects/project-mojo-failure/src/main/java/org/apache/maven/test/error/mojoFailure/App.java,1,13,0,1
maven-maven-3.0/maven-embedder/src/test/error-reporting-projects/ext-realm-error/ext/src/main/java/org/ext/App.java,1,12,0,1
maven-maven-3.0/maven-embedder/src/test/error-reporting-projects/missing-direct-invoke-mojo/plugin/src/main/java/org/plugin/TestPlugin.java,1,29,0,1
maven-maven-3.0/maven-embedder/src/test/error-reporting-projects/mojo-exec-err/plugin/src/main/java/org/plugin/TestPlugin.java,1,27,0,1
maven-maven-3.0/maven-embedder/src/examples/simple-project/src/test/java/org/apache/maven/embedder/AppTest.java,1,34,0,1
maven-maven-3.0/maven-embedder/src/examples/simple-project/src/main/java/org/apache/maven/embedder/App.java,1,12,0,1
maven-maven-3.0/maven-embedder/src/main/java/org/apache/maven/cli/CLIReportingUtils.java,36,1540,1369,9
maven-maven-3.0/maven-embedder/src/main/java/org/apache/maven/cli/QuietMavenTransferListener.java,2,39,12,1
maven-maven-3.0/maven-embedder/src/main/java/org/apache/maven/cli/ConsoleMavenTransferListener.java,11,168,60,3
maven-maven-3.0/maven-embedder/src/main/java/org/apache/maven/cli/MavenLoggerManager.java,1,139,0,1
maven-maven-3.0/maven-embedder/src/main/java/org/apache/maven/cli/BatchModeMavenTransferListener.java,4,37,9,2
maven-maven-3.0/maven-embedder/src/main/java/org/apache/maven/cli/PrintStreamLogger.java,3,183,57,2
maven-maven-3.0/maven-embedder/src/main/java/org/apache/maven/cli/ExecutionEventLogger.java,9,299,28,4
maven-maven-3.0/maven-embedder/src/main/java/org/apache/maven/cli/CLIManager.java,23,395,191,5
maven-maven-3.0/maven-embedder/src/main/java/org/apache/maven/cli/MavenCli.java,86,2506,1647,8
maven-maven-3.0/maven-embedder/src/main/java/org/apache/maven/cli/AbstractMavenTransferListener.java,11,180,105,2
maven-maven-3.0/maven-model/src/test/java/org/apache/maven/model/PluginExecutionTest.java,2,48,0,1
maven-maven-3.0/maven-model/src/test/java/org/apache/maven/model/PluginTest.java,2,48,0,1
maven-maven-3.0/maven-model/src/test/java/org/apache/maven/model/ReportSetTest.java,2,48,0,1
maven-maven-3.0/maven-model/src/test/java/org/apache/maven/model/ActivationOSTest.java,2,48,0,1
maven-maven-3.0/maven-model/src/test/java/org/apache/maven/model/DeploymentRepositoryTest.java,2,48,0,1
maven-maven-3.0/maven-model/src/test/java/org/apache/maven/model/DistributionManagementTest.java,2,48,0,1
maven-maven-3.0/maven-model/src/test/java/org/apache/maven/model/ResourceTest.java,2,48,0,1
maven-maven-3.0/maven-model/src/test/java/org/apache/maven/model/ContributorTest.java,2,48,0,1
maven-maven-3.0/maven-model/src/test/java/org/apache/maven/model/ParentTest.java,2,48,0,1
maven-maven-3.0/maven-model/src/test/java/org/apache/maven/model/CiManagementTest.java,2,48,0,1
maven-maven-3.0/maven-model/src/test/java/org/apache/maven/model/PluginConfigurationTest.java,2,48,0,1
maven-maven-3.0/maven-model/src/test/java/org/apache/maven/model/ModelTest.java,2,48,0,1
maven-maven-3.0/maven-model/src/test/java/org/apache/maven/model/ActivationPropertyTest.java,2,48,0,1
maven-maven-3.0/maven-model/src/test/java/org/apache/maven/model/RepositoryTest.java,2,48,0,1
maven-maven-3.0/maven-model/src/test/java/org/apache/maven/model/ReportPluginTest.java,2,48,0,1
maven-maven-3.0/maven-model/src/test/java/org/apache/maven/model/OrganizationTest.java,2,48,0,1
maven-maven-3.0/maven-model/src/test/java/org/apache/maven/model/LicenseTest.java,2,48,0,1
maven-maven-3.0/maven-model/src/test/java/org/apache/maven/model/ActivationTest.java,2,48,0,1
maven-maven-3.0/maven-model/src/test/java/org/apache/maven/model/RepositoryPolicyTest.java,2,48,0,1
maven-maven-3.0/maven-model/src/test/java/org/apache/maven/model/SiteTest.java,2,48,0,1
maven-maven-3.0/maven-model/src/test/java/org/apache/maven/model/MailingListTest.java,2,48,0,1
maven-maven-3.0/maven-model/src/test/java/org/apache/maven/model/NotifierTest.java,2,48,0,1
maven-maven-3.0/maven-model/src/test/java/org/apache/maven/model/DependencyManagementTest.java,2,48,0,1
maven-maven-3.0/maven-model/src/test/java/org/apache/maven/model/IssueManagementTest.java,2,48,0,1
maven-maven-3.0/maven-model/src/test/java/org/apache/maven/model/BuildTest.java,2,48,0,1
maven-maven-3.0/maven-model/src/test/java/org/apache/maven/model/PluginManagementTest.java,2,48,0,1
maven-maven-3.0/maven-model/src/test/java/org/apache/maven/model/ProfileTest.java,2,48,0,1
maven-maven-3.0/maven-model/src/test/java/org/apache/maven/model/ScmTest.java,2,48,0,1
maven-maven-3.0/maven-model/src/test/java/org/apache/maven/model/ExclusionTest.java,2,48,0,1
maven-maven-3.0/maven-model/src/test/java/org/apache/maven/model/ActivationFileTest.java,2,48,0,1
maven-maven-3.0/maven-model/src/test/java/org/apache/maven/model/ExtensionTest.java,2,48,0,1
maven-maven-3.0/maven-model/src/test/java/org/apache/maven/model/DeveloperTest.java,2,48,0,1
maven-maven-3.0/maven-model/src/test/java/org/apache/maven/model/DependencyTest.java,2,48,0,1
maven-maven-3.0/maven-model/src/test/java/org/apache/maven/model/PluginContainerTest.java,2,48,0,1
maven-maven-3.0/maven-model/src/test/java/org/apache/maven/model/ReportingTest.java,2,48,0,1
maven-maven-3.0/maven-model/src/test/java/org/apache/maven/model/RelocationTest.java,2,48,0,1
maven-maven-3.0/maven-model/src/test/java/org/apache/maven/model/PrerequisitesTest.java,2,48,0,1
maven-maven-3.0/maven-model/src/main/java/org/apache/maven/model/merge/ModelMerger.java,9,2741,106,2
maven-maven-3.0/maven-plugin-api/src/test/java/org/apache/maven/plugin/lifecycle/LifecycleXpp3ReaderTest.java,3,57,6,1
maven-maven-3.0/maven-plugin-api/src/test/java/org/apache/maven/plugin/descriptor/PluginDescriptorBuilderTest.java,4,111,4,1
maven-maven-3.0/maven-plugin-api/src/main/java/org/apache/maven/monitor/logging/DefaultLog.java,1,108,0,1
maven-maven-3.0/maven-plugin-api/src/main/java/org/apache/maven/plugin/MojoExecutionException.java,9,110,36,5
maven-maven-3.0/maven-plugin-api/src/main/java/org/apache/maven/plugin/ContextEnabled.java,5,58,17,3
maven-maven-3.0/maven-plugin-api/src/main/java/org/apache/maven/plugin/AbstractMojoExecutionException.java,3,58,12,2
maven-maven-3.0/maven-plugin-api/src/main/java/org/apache/maven/plugin/MojoNotFoundException.java,2,72,1,2
maven-maven-3.0/maven-plugin-api/src/main/java/org/apache/maven/plugin/AbstractMojo.java,10,255,67,5
maven-maven-3.0/maven-plugin-api/src/main/java/org/apache/maven/plugin/Mojo.java,10,87,21,6
maven-maven-3.0/maven-plugin-api/src/main/java/org/apache/maven/plugin/MojoFailureException.java,5,77,13,3
maven-maven-3.0/maven-plugin-api/src/main/java/org/apache/maven/plugin/descriptor/InvalidParameterException.java,3,37,3,1
maven-maven-3.0/maven-plugin-api/src/main/java/org/apache/maven/plugin/descriptor/MojoDescriptor.java,14,637,56,5
maven-maven-3.0/maven-plugin-api/src/main/java/org/apache/maven/plugin/descriptor/Parameter.java,4,166,2,2
maven-maven-3.0/maven-plugin-api/src/main/java/org/apache/maven/plugin/descriptor/DuplicateMojoDescriptorException.java,2,32,2,2
maven-maven-3.0/maven-plugin-api/src/main/java/org/apache/maven/plugin/descriptor/PluginDescriptor.java,13,430,80,4
maven-maven-3.0/maven-plugin-api/src/main/java/org/apache/maven/plugin/descriptor/Requirement.java,3,64,1,2
maven-maven-3.0/maven-plugin-api/src/main/java/org/apache/maven/plugin/descriptor/DuplicateParameterException.java,1,27,0,1
maven-maven-3.0/maven-plugin-api/src/main/java/org/apache/maven/plugin/descriptor/PluginDescriptorBuilder.java,11,287,33,4
maven-maven-3.0/maven-plugin-api/src/main/java/org/apache/maven/plugin/descriptor/InvalidPluginDescriptorException.java,1,32,0,1
maven-maven-3.0/maven-plugin-api/src/main/java/org/apache/maven/plugin/logging/Log.java,4,158,17,3
maven-maven-3.0/maven-plugin-api/src/main/java/org/apache/maven/plugin/logging/SystemStreamLog.java,4,197,30,3
maven-maven-3.0/maven-core/src/test/projects/lifecycle-executor/project-with-additional-lifecycle-elements/src/test/java/org/apache/maven/lifecycle/test/AppTest.java,1,34,0,1
maven-maven-3.0/maven-core/src/test/projects/lifecycle-executor/project-with-additional-lifecycle-elements/src/main/java/org/apache/maven/lifecycle/test/App.java,1,12,0,1
maven-maven-3.0/maven-core/src/test/java/org/apache/maven/ProjectDependenciesResolverTest.java,10,171,87,2
maven-maven-3.0/maven-core/src/test/java/org/apache/maven/AbstractCoreMavenComponentTestCase.java,22,421,96,2
maven-maven-3.0/maven-core/src/test/java/org/apache/maven/MavenTest.java,11,108,58,3
maven-maven-3.0/maven-core/src/test/java/org/apache/maven/MavenLifecycleParticipantTest.java,4,94,2,1
maven-maven-3.0/maven-core/src/test/java/org/apache/maven/settings/PomConstructionWithSettingsTest.java,11,206,84,3
maven-maven-3.0/maven-core/src/test/java/org/apache/maven/settings/SettingsUtilsTest.java,3,44,4,1
maven-maven-3.0/maven-core/src/test/java/org/apache/maven/configuration/DefaultBeanConfiguratorTest.java,1,107,0,1
maven-maven-3.0/maven-core/src/test/java/org/apache/maven/repository/TestArtifactHandler.java,1,68,0,1
maven-maven-3.0/maven-core/src/test/java/org/apache/maven/repository/TestRepositoryConnector.java,1,95,0,1
maven-maven-3.0/maven-core/src/test/java/org/apache/maven/repository/TestRepositorySystem.java,3,258,0,1
maven-maven-3.0/maven-core/src/test/java/org/apache/maven/repository/TestRepositoryConnectorFactory.java,1,42,0,1
maven-maven-3.0/maven-core/src/test/java/org/apache/maven/repository/LegacyRepositoryLayout.java,1,73,0,1
maven-maven-3.0/maven-core/src/test/java/org/apache/maven/plugin/PluginParameterExpressionEvaluatorTest.java,72,730,405,8
maven-maven-3.0/maven-core/src/test/java/org/apache/maven/plugin/PluginManagerTest.java,31,360,102,3
maven-maven-3.0/maven-core/src/test/java/org/apache/maven/lifecycle/MojoExecutionXPathContainer.java,1,64,0,1
maven-maven-3.0/maven-core/src/test/java/org/apache/maven/lifecycle/DefaultLifecyclesTest.java,2,64,15,1
maven-maven-3.0/maven-core/src/test/java/org/apache/maven/lifecycle/LifecycleExecutorSubModulesTest.java,2,83,2,2
maven-maven-3.0/maven-core/src/test/java/org/apache/maven/lifecycle/EmptyLifecyclePluginAnalyzer.java,1,65,0,1
maven-maven-3.0/maven-core/src/test/java/org/apache/maven/lifecycle/MavenExecutionPlanTest.java,4,88,9,1
maven-maven-3.0/maven-core/src/test/java/org/apache/maven/lifecycle/DefaultSchedulesTest.java,2,53,0,2
maven-maven-3.0/maven-core/src/test/java/org/apache/maven/lifecycle/LifecycleExecutorTest.java,64,1107,813,5
maven-maven-3.0/maven-core/src/test/java/org/apache/maven/lifecycle/internal/LifecycleTaskSegmentCalculatorImplTest.java,3,88,39,2
maven-maven-3.0/maven-core/src/test/java/org/apache/maven/lifecycle/internal/LifecycleWeaveBuilderTest.java,9,151,29,2
maven-maven-3.0/maven-core/src/test/java/org/apache/maven/lifecycle/internal/BuildListCalculatorTest.java,2,47,5,1
maven-maven-3.0/maven-core/src/test/java/org/apache/maven/lifecycle/internal/ConcurrentBuildLoggerTest.java,1,59,0,1
maven-maven-3.0/maven-core/src/test/java/org/apache/maven/lifecycle/internal/ExecutionPlanItemTest.java,2,58,1,1
maven-maven-3.0/maven-core/src/test/java/org/apache/maven/lifecycle/internal/BuilderCommonTest.java,4,67,6,2
maven-maven-3.0/maven-core/src/test/java/org/apache/maven/lifecycle/internal/ProjectBuildListTest.java,1,36,0,1
maven-maven-3.0/maven-core/src/test/java/org/apache/maven/lifecycle/internal/ConcurrencyDependencyGraphTest.java,1,79,0,1
maven-maven-3.0/maven-core/src/test/java/org/apache/maven/lifecycle/internal/LifecycleExecutionPlanCalculatorTest.java,5,78,9,3
maven-maven-3.0/maven-core/src/test/java/org/apache/maven/lifecycle/internal/PhaseRecorderTest.java,2,41,2,2
maven-maven-3.0/maven-core/src/test/java/org/apache/maven/lifecycle/internal/ThreadConfigurationServiceTest.java,2,36,0,2
maven-maven-3.0/maven-core/src/test/java/org/apache/maven/lifecycle/internal/ThreadOutputMuxerTest.java,1,137,0,1
maven-maven-3.0/maven-core/src/test/java/org/apache/maven/lifecycle/internal/stub/LifecycleExecutionPlanCalculatorStub.java,8,216,39,2
maven-maven-3.0/maven-core/src/test/java/org/apache/maven/lifecycle/internal/stub/CompletionServiceStub.java,1,76,0,1
maven-maven-3.0/maven-core/src/test/java/org/apache/maven/lifecycle/internal/stub/LifecycleTaskSegmentCalculatorStub.java,3,79,4,2
maven-maven-3.0/maven-core/src/test/java/org/apache/maven/lifecycle/internal/stub/ExecutionEventCatapultStub.java,1,33,0,1
maven-maven-3.0/maven-core/src/test/java/org/apache/maven/lifecycle/internal/stub/ProjectDependencyGraphStub.java,3,198,3,2
maven-maven-3.0/maven-core/src/test/java/org/apache/maven/lifecycle/internal/stub/LoggerStub.java,1,88,0,1
maven-maven-3.0/maven-core/src/test/java/org/apache/maven/lifecycle/internal/stub/DefaultSchedulesStub.java,1,35,0,1
maven-maven-3.0/maven-core/src/test/java/org/apache/maven/lifecycle/internal/stub/LifeCyclePluginAnalyzerStub.java,1,62,0,1
maven-maven-3.0/maven-core/src/test/java/org/apache/maven/lifecycle/internal/stub/ProjectDependenciesResolverStub.java,3,95,1,2
maven-maven-3.0/maven-core/src/test/java/org/apache/maven/lifecycle/internal/stub/BuildPluginManagerStub.java,2,67,19,2
maven-maven-3.0/maven-core/src/test/java/org/apache/maven/lifecycle/internal/stub/MojoExecutorStub.java,2,62,2,2
maven-maven-3.0/maven-core/src/test/java/org/apache/maven/lifecycle/internal/stub/PluginPrefixResolverStub.java,2,47,1,2
maven-maven-3.0/maven-core/src/test/java/org/apache/maven/lifecycle/internal/stub/ProjectDependencyGraphStubTest.java,1,52,0,1
maven-maven-3.0/maven-core/src/test/java/org/apache/maven/lifecycle/internal/stub/PluginVersionResolverStub.java,2,43,1,2
maven-maven-3.0/maven-core/src/test/java/org/apache/maven/lifecycle/internal/stub/DefaultLifecyclesStub.java,5,81,25,3
maven-maven-3.0/maven-core/src/test/java/org/apache/maven/project/EmptyLifecycleExecutor.java,21,164,77,3
maven-maven-3.0/maven-core/src/test/java/org/apache/maven/project/PomConstructionTest.java,46,1786,131,3
maven-maven-3.0/maven-core/src/test/java/org/apache/maven/project/MavenProjectTest.java,2,125,2,2
maven-maven-3.0/maven-core/src/test/java/org/apache/maven/project/ProjectBuilderTest.java,2,31,1,1
maven-maven-3.0/maven-core/src/test/java/org/apache/maven/project/EmptyProjectBuildingHelper.java,11,72,18,1
maven-maven-3.0/maven-core/src/test/java/org/apache/maven/project/AbstractMavenProjectTestCase.java,19,200,52,2
maven-maven-3.0/maven-core/src/test/java/org/apache/maven/project/LegacyLocalRepositoryManager.java,1,46,0,1
maven-maven-3.0/maven-core/src/test/java/org/apache/maven/project/DefaultMavenProjectBuilderTest.java,10,150,21,2
maven-maven-3.0/maven-core/src/test/java/org/apache/maven/project/TestMetadataSource.java,4,34,2,2
maven-maven-3.0/maven-core/src/test/java/org/apache/maven/project/ExtensionDescriptorBuilderTest.java,1,84,0,1
maven-maven-3.0/maven-core/src/test/java/org/apache/maven/project/canonical/CanonicalProjectBuilderTest.java,11,177,99,4
maven-maven-3.0/maven-core/src/test/java/org/apache/maven/project/harness/Xpp3DomPointerFactory.java,2,55,1,1
maven-maven-3.0/maven-core/src/test/java/org/apache/maven/project/harness/Xpp3DomAttributeIterator.java,1,75,0,1
maven-maven-3.0/maven-core/src/test/java/org/apache/maven/project/harness/Xpp3DomNodePointer.java,1,136,0,1
maven-maven-3.0/maven-core/src/test/java/org/apache/maven/project/harness/PomTestWrapper.java,6,174,72,3
maven-maven-3.0/maven-core/src/test/java/org/apache/maven/project/harness/Xpp3DomAttributePointer.java,1,88,0,1
maven-maven-3.0/maven-core/src/test/java/org/apache/maven/project/harness/Xpp3DomNodeIterator.java,1,141,0,1
maven-maven-3.0/maven-core/src/test/java/org/apache/maven/project/artifact/MavenMetadataSourceTest.java,6,178,45,2
maven-maven-3.0/maven-core/src/test/java/org/apache/maven/project/artifact/DefaultMavenMetadataCacheTest.java,2,71,2,1
maven-maven-3.0/maven-core/src/test/java/org/apache/maven/execution/DefaultMavenExecutionTest.java,1,34,0,1
maven-maven-3.0/maven-core/src/test/java/org/apache/maven/execution/ProjectSorterTest.java,7,493,211,3
maven-maven-3.0/maven-core/src/test/java/org/apache/maven/toolchain/RequirementMatcherFactoryTest.java,2,78,19,2
maven-maven-3.0/maven-core/src/main/java/org/apache/maven/RepositoryUtils.java,3,277,7,1
maven-maven-3.0/maven-core/src/main/java/org/apache/maven/MissingModuleException.java,2,40,0,2
maven-maven-3.0/maven-core/src/main/java/org/apache/maven/ArtifactFilterManager.java,4,41,2,4
maven-maven-3.0/maven-core/src/main/java/org/apache/maven/AbstractMavenLifecycleParticipant.java,3,76,22,2
maven-maven-3.0/maven-core/src/main/java/org/apache/maven/ReactorReader.java,2,224,3,1
maven-maven-3.0/maven-core/src/main/java/org/apache/maven/MavenExecutionException.java,2,55,7,2
maven-maven-3.0/maven-core/src/main/java/org/apache/maven/FilteredProjectDependencyGraph.java,1,91,0,1
maven-maven-3.0/maven-core/src/main/java/org/apache/maven/LoggingRepositoryListener.java,1,114,0,1
maven-maven-3.0/maven-core/src/main/java/org/apache/maven/ProjectDependenciesResolver.java,8,103,25,4
maven-maven-3.0/maven-core/src/main/java/org/apache/maven/BuildFailureException.java,8,67,30,4
maven-maven-3.0/maven-core/src/main/java/org/apache/maven/DefaultArtifactFilterManager.java,43,248,103,8
maven-maven-3.0/maven-core/src/main/java/org/apache/maven/DefaultProjectDependenciesResolver.java,26,321,144,5
maven-maven-3.0/maven-core/src/main/java/org/apache/maven/DefaultProjectDependencyGraph.java,4,131,15,1
maven-maven-3.0/maven-core/src/main/java/org/apache/maven/ProjectCycleException.java,6,51,20,4
maven-maven-3.0/maven-core/src/main/java/org/apache/maven/DefaultMaven.java,295,4851,4155,13
maven-maven-3.0/maven-core/src/main/java/org/apache/maven/DuplicateProjectException.java,1,53,0,1
maven-maven-3.0/maven-core/src/main/java/org/apache/maven/ProjectBuildFailureException.java,2,43,13,2
maven-maven-3.0/maven-core/src/main/java/org/apache/maven/InternalErrorException.java,1,32,0,1
maven-maven-3.0/maven-core/src/main/java/org/apache/maven/Maven.java,39,187,157,6
maven-maven-3.0/maven-core/src/main/java/org/apache/maven/ArtifactFilterManagerDelegate.java,2,25,0,2
maven-maven-3.0/maven-core/src/main/java/org/apache/maven/settings/MavenSettingsBuilder.java,19,180,111,5
maven-maven-3.0/maven-core/src/main/java/org/apache/maven/settings/SettingsUtils.java,7,294,131,4
maven-maven-3.0/maven-core/src/main/java/org/apache/maven/settings/SettingsConfigurationException.java,3,57,4,2
maven-maven-3.0/maven-core/src/main/java/org/apache/maven/settings/DefaultMavenSettingsBuilder.java,34,754,618,8
maven-maven-3.0/maven-core/src/main/java/org/apache/maven/configuration/BasedirBeanConfigurationPathTranslator.java,1,62,0,1
maven-maven-3.0/maven-core/src/main/java/org/apache/maven/configuration/DefaultBeanConfigurationRequest.java,1,158,0,1
maven-maven-3.0/maven-core/src/main/java/org/apache/maven/configuration/BeanConfigurationRequest.java,1,95,0,1
maven-maven-3.0/maven-core/src/main/java/org/apache/maven/configuration/BeanConfigurationValuePreprocessor.java,1,41,0,1
maven-maven-3.0/maven-core/src/main/java/org/apache/maven/configuration/BeanConfigurationException.java,1,36,0,1
maven-maven-3.0/maven-core/src/main/java/org/apache/maven/configuration/BeanConfigurator.java,1,40,0,1
maven-maven-3.0/maven-core/src/main/java/org/apache/maven/configuration/BeanConfigurationPathTranslator.java,1,36,0,1
maven-maven-3.0/maven-core/src/main/java/org/apache/maven/configuration/internal/DefaultBeanConfigurator.java,1,133,0,1
maven-maven-3.0/maven-core/src/main/java/org/apache/maven/repository/RepositorySystem.java,3,160,32,2
maven-maven-3.0/maven-core/src/main/java/org/apache/maven/repository/LocalRepositoryNotAccessibleException.java,1,38,0,1
maven-maven-3.0/maven-core/src/main/java/org/apache/maven/repository/ArtifactTransferFailedException.java,1,31,0,1
maven-maven-3.0/maven-core/src/main/java/org/apache/maven/repository/ArtifactTransferResource.java,1,58,0,1
maven-maven-3.0/maven-core/src/main/java/org/apache/maven/repository/ArtifactDoesNotExistException.java,1,31,0,1
maven-maven-3.0/maven-core/src/main/java/org/apache/maven/repository/DelegatingLocalArtifactRepository.java,3,164,1,1
maven-maven-3.0/maven-core/src/main/java/org/apache/maven/repository/LocalArtifactRepository.java,1,28,0,1
maven-maven-3.0/maven-core/src/main/java/org/apache/maven/repository/ArtifactTransferListener.java,1,28,0,1
maven-maven-3.0/maven-core/src/main/java/org/apache/maven/repository/ArtifactTransferEvent.java,1,290,0,1
maven-maven-3.0/maven-core/src/main/java/org/apache/maven/repository/legacy/metadata/ResolutionGroup.java,1,66,0,1
maven-maven-3.0/maven-core/src/main/java/org/apache/maven/repository/legacy/metadata/ArtifactMetadataSource.java,2,73,3,2
maven-maven-3.0/maven-core/src/main/java/org/apache/maven/repository/legacy/metadata/DefaultMetadataResolutionRequest.java,4,172,69,1
maven-maven-3.0/maven-core/src/main/java/org/apache/maven/repository/legacy/metadata/ArtifactMetadataRetrievalException.java,1,61,0,1
maven-maven-3.0/maven-core/src/main/java/org/apache/maven/repository/legacy/metadata/AbstractArtifactMetadata.java,1,56,0,1
maven-maven-3.0/maven-core/src/main/java/org/apache/maven/repository/legacy/metadata/MetadataResolutionRequest.java,4,121,23,1
maven-maven-3.0/maven-core/src/main/java/org/apache/maven/monitor/event/EventDispatcher.java,3,59,29,2
maven-maven-3.0/maven-core/src/main/java/org/apache/maven/monitor/event/EventMonitor.java,4,79,48,3
maven-maven-3.0/maven-core/src/main/java/org/apache/maven/plugin/MojoExecution.java,20,287,84,4
maven-maven-3.0/maven-core/src/main/java/org/apache/maven/plugin/DefaultPluginArtifactsCache.java,2,254,100,1
maven-maven-3.0/maven-core/src/main/java/org/apache/maven/plugin/PluginConfigurationException.java,16,344,278,6
maven-maven-3.0/maven-core/src/main/java/org/apache/maven/plugin/CacheUtils.java,1,175,0,1
maven-maven-3.0/maven-core/src/main/java/org/apache/maven/plugin/ExtensionRealmCache.java,3,73,15,1
maven-maven-3.0/maven-core/src/main/java/org/apache/maven/plugin/BuildPluginManager.java,7,82,40,2
maven-maven-3.0/maven-core/src/main/java/org/apache/maven/plugin/PluginExecutionException.java,10,95,20,5
maven-maven-3.0/maven-core/src/main/java/org/apache/maven/plugin/LegacySupport.java,4,53,1,2
maven-maven-3.0/maven-core/src/main/java/org/apache/maven/plugin/DefaultPluginRealmCache.java,8,301,139,3
maven-maven-3.0/maven-core/src/main/java/org/apache/maven/plugin/DefaultExtensionRealmCache.java,5,224,113,1
maven-maven-3.0/maven-core/src/main/java/org/apache/maven/plugin/PluginDescriptorParsingException.java,4,58,10,2
maven-maven-3.0/maven-core/src/main/java/org/apache/maven/plugin/InvalidPluginException.java,7,61,18,5
maven-maven-3.0/maven-core/src/main/java/org/apache/maven/plugin/DefaultBuildPluginManager.java,17,278,111,3
maven-maven-3.0/maven-core/src/main/java/org/apache/maven/plugin/PluginLoaderException.java,3,105,0,3
maven-maven-3.0/maven-core/src/main/java/org/apache/maven/plugin/PluginParameterException.java,13,157,49,6
maven-maven-3.0/maven-core/src/main/java/org/apache/maven/plugin/PluginManager.java,89,489,417,7
maven-maven-3.0/maven-core/src/main/java/org/apache/maven/plugin/DebugConfigurationListener.java,6,97,15,3
maven-maven-3.0/maven-core/src/main/java/org/apache/maven/plugin/PluginDescriptorCache.java,4,53,5,2
maven-maven-3.0/maven-core/src/main/java/org/apache/maven/plugin/PluginContainerException.java,14,175,103,6
maven-maven-3.0/maven-core/src/main/java/org/apache/maven/plugin/MavenPluginManager.java,7,111,12,2
maven-maven-3.0/maven-core/src/main/java/org/apache/maven/plugin/MavenPluginValidator.java,3,77,12,3
maven-maven-3.0/maven-core/src/main/java/org/apache/maven/plugin/PluginResolutionException.java,5,53,12,2
maven-maven-3.0/maven-core/src/main/java/org/apache/maven/plugin/CycleDetectedInPluginGraphException.java,1,41,0,1
maven-maven-3.0/maven-core/src/main/java/org/apache/maven/plugin/PluginManagerException.java,16,267,105,5
maven-maven-3.0/maven-core/src/main/java/org/apache/maven/plugin/PluginRealmCache.java,7,98,29,2
maven-maven-3.0/maven-core/src/main/java/org/apache/maven/plugin/PluginNotFoundException.java,14,86,34,6
maven-maven-3.0/maven-core/src/main/java/org/apache/maven/plugin/PluginParameterExpressionEvaluator.java,81,892,504,8
maven-maven-3.0/maven-core/src/main/java/org/apache/maven/plugin/PluginArtifactsCache.java,2,72,6,1
maven-maven-3.0/maven-core/src/main/java/org/apache/maven/plugin/InvalidPluginDescriptorException.java,5,46,7,2
maven-maven-3.0/maven-core/src/main/java/org/apache/maven/plugin/DefaultPluginDescriptorCache.java,6,246,71,2
maven-maven-3.0/maven-core/src/main/java/org/apache/maven/plugin/prefix/DefaultPluginPrefixRequest.java,8,204,78,2
maven-maven-3.0/maven-core/src/main/java/org/apache/maven/plugin/prefix/PluginPrefixResult.java,4,50,2,2
maven-maven-3.0/maven-core/src/main/java/org/apache/maven/plugin/prefix/PluginPrefixResolver.java,3,39,1,2
maven-maven-3.0/maven-core/src/main/java/org/apache/maven/plugin/prefix/PluginPrefixRequest.java,5,155,55,2
maven-maven-3.0/maven-core/src/main/java/org/apache/maven/plugin/prefix/NoPluginFoundForPrefixException.java,4,72,19,1
maven-maven-3.0/maven-core/src/main/java/org/apache/maven/plugin/prefix/internal/DefaultPluginPrefixResolver.java,15,462,224,3
maven-maven-3.0/maven-core/src/main/java/org/apache/maven/plugin/prefix/internal/DefaultPluginPrefixResult.java,4,76,2,2
maven-maven-3.0/maven-core/src/main/java/org/apache/maven/plugin/internal/ValidatingConfigurationListener.java,1,81,0,1
maven-maven-3.0/maven-core/src/main/java/org/apache/maven/plugin/internal/PluginDependenciesResolver.java,6,85,21,2
maven-maven-3.0/maven-core/src/main/java/org/apache/maven/plugin/internal/DefaultPluginDependenciesResolver.java,7,259,82,3
maven-maven-3.0/maven-core/src/main/java/org/apache/maven/plugin/internal/DefaultLegacySupport.java,5,59,2,2
maven-maven-3.0/maven-core/src/main/java/org/apache/maven/plugin/internal/PlexusUtilsInjector.java,1,73,0,1
maven-maven-3.0/maven-core/src/main/java/org/apache/maven/plugin/internal/WagonExcluder.java,1,95,0,1
maven-maven-3.0/maven-core/src/main/java/org/apache/maven/plugin/internal/DefaultPluginManager.java,9,281,56,3
maven-maven-3.0/maven-core/src/main/java/org/apache/maven/plugin/internal/PluginDependencyResolutionListener.java,3,135,1,2
maven-maven-3.0/maven-core/src/main/java/org/apache/maven/plugin/internal/DefaultMavenPluginManager.java,35,877,330,4
maven-maven-3.0/maven-core/src/main/java/org/apache/maven/plugin/version/PluginVersionResolutionException.java,12,202,117,6
maven-maven-3.0/maven-core/src/main/java/org/apache/maven/plugin/version/PluginVersionRequest.java,7,156,56,2
maven-maven-3.0/maven-core/src/main/java/org/apache/maven/plugin/version/PluginVersionResolver.java,4,40,2,2
maven-maven-3.0/maven-core/src/main/java/org/apache/maven/plugin/version/PluginVersionResult.java,4,43,2,2
maven-maven-3.0/maven-core/src/main/java/org/apache/maven/plugin/version/DefaultPluginVersionRequest.java,9,217,85,2
maven-maven-3.0/maven-core/src/main/java/org/apache/maven/plugin/version/PluginVersionNotFoundException.java,7,96,57,4
maven-maven-3.0/maven-core/src/main/java/org/apache/maven/plugin/version/internal/DefaultPluginVersionResolver.java,17,466,244,3
maven-maven-3.0/maven-core/src/main/java/org/apache/maven/plugin/version/internal/DefaultPluginVersionResult.java,5,59,2,2
maven-maven-3.0/maven-core/src/main/java/org/apache/maven/lifecycle/MavenExecutionPlan.java,12,310,139,5
maven-maven-3.0/maven-core/src/main/java/org/apache/maven/lifecycle/LifecycleExecutor.java,64,274,200,6
maven-maven-3.0/maven-core/src/main/java/org/apache/maven/lifecycle/Schedule.java,5,165,39,2
maven-maven-3.0/maven-core/src/main/java/org/apache/maven/lifecycle/DefaultLifecycles.java,9,262,144,4
maven-maven-3.0/maven-core/src/main/java/org/apache/maven/lifecycle/LifecyclePhaseNotFoundException.java,3,54,5,1
maven-maven-3.0/maven-core/src/main/java/org/apache/maven/lifecycle/LifecycleNotFoundException.java,1,48,0,1
maven-maven-3.0/maven-core/src/main/java/org/apache/maven/lifecycle/LifeCyclePluginAnalyzer.java,4,43,14,2
maven-maven-3.0/maven-core/src/main/java/org/apache/maven/lifecycle/NoGoalSpecifiedException.java,1,37,0,1
maven-maven-3.0/maven-core/src/main/java/org/apache/maven/lifecycle/DefaultSchedules.java,6,110,23,3
maven-maven-3.0/maven-core/src/main/java/org/apache/maven/lifecycle/Scheduling.java,5,114,29,2
maven-maven-3.0/maven-core/src/main/java/org/apache/maven/lifecycle/MissingProjectException.java,1,37,0,1
maven-maven-3.0/maven-core/src/main/java/org/apache/maven/lifecycle/Lifecycle.java,11,238,171,6
maven-maven-3.0/maven-core/src/main/java/org/apache/maven/lifecycle/DefaultLifecycleExecutor.java,379,11952,11814,14
maven-maven-3.0/maven-core/src/main/java/org/apache/maven/lifecycle/LifecycleExecutionException.java,14,257,161,5
maven-maven-3.0/maven-core/src/main/java/org/apache/maven/lifecycle/mapping/LifecycleMapping.java,10,78,47,4
maven-maven-3.0/maven-core/src/main/java/org/apache/maven/lifecycle/mapping/DefaultLifecycleMapping.java,13,220,128,5
maven-maven-3.0/maven-core/src/main/java/org/apache/maven/lifecycle/mapping/Lifecycle.java,9,175,102,5
maven-maven-3.0/maven-core/src/main/java/org/apache/maven/lifecycle/internal/ProjectSegment.java,5,106,15,2
maven-maven-3.0/maven-core/src/main/java/org/apache/maven/lifecycle/internal/LifecycleDebugLogger.java,6,199,20,3
maven-maven-3.0/maven-core/src/main/java/org/apache/maven/lifecycle/internal/LifecycleTaskSegmentCalculator.java,5,67,18,2
maven-maven-3.0/maven-core/src/main/java/org/apache/maven/lifecycle/internal/CurrentPhaseForThread.java,4,43,4,2
maven-maven-3.0/maven-core/src/main/java/org/apache/maven/lifecycle/internal/GoalTask.java,4,53,13,2
maven-maven-3.0/maven-core/src/main/java/org/apache/maven/lifecycle/internal/ProjectBuildList.java,4,152,23,2
maven-maven-3.0/maven-core/src/main/java/org/apache/maven/lifecycle/internal/MojoDescriptorCreator.java,6,275,28,3
maven-maven-3.0/maven-core/src/main/java/org/apache/maven/lifecycle/internal/LifecycleThreadedBuilder.java,5,178,22,2
maven-maven-3.0/maven-core/src/main/java/org/apache/maven/lifecycle/internal/BuildLogItem.java,4,195,12,2
maven-maven-3.0/maven-core/src/main/java/org/apache/maven/lifecycle/internal/BuilderCommon.java,9,195,43,3
maven-maven-3.0/maven-core/src/main/java/org/apache/maven/lifecycle/internal/DefaultExecutionEventCatapult.java,1,100,0,1
maven-maven-3.0/maven-core/src/main/java/org/apache/maven/lifecycle/internal/ReactorBuildStatus.java,4,79,13,2
maven-maven-3.0/maven-core/src/main/java/org/apache/maven/lifecycle/internal/TaskSegment.java,4,74,13,2
maven-maven-3.0/maven-core/src/main/java/org/apache/maven/lifecycle/internal/ThreadConfigurationService.java,5,98,3,3
maven-maven-3.0/maven-core/src/main/java/org/apache/maven/lifecycle/internal/LifecyclePluginResolver.java,6,103,17,3
maven-maven-3.0/maven-core/src/main/java/org/apache/maven/lifecycle/internal/DependencyContext.java,6,161,65,3
maven-maven-3.0/maven-core/src/main/java/org/apache/maven/lifecycle/internal/PhaseRecorder.java,6,80,14,2
maven-maven-3.0/maven-core/src/main/java/org/apache/maven/lifecycle/internal/DefaultExecutionEvent.java,1,57,0,1
maven-maven-3.0/maven-core/src/main/java/org/apache/maven/lifecycle/internal/ExecutionPlanItem.java,7,144,60,2
maven-maven-3.0/maven-core/src/main/java/org/apache/maven/lifecycle/internal/MojoExecutor.java,9,379,60,3
maven-maven-3.0/maven-core/src/main/java/org/apache/maven/lifecycle/internal/ConcurrencyDependencyGraph.java,4,107,13,2
maven-maven-3.0/maven-core/src/main/java/org/apache/maven/lifecycle/internal/BuildListCalculator.java,5,106,47,2
maven-maven-3.0/maven-core/src/main/java/org/apache/maven/lifecycle/internal/DefaultLifecycleTaskSegmentCalculator.java,2,132,1,1
maven-maven-3.0/maven-core/src/main/java/org/apache/maven/lifecycle/internal/ProjectIndex.java,4,71,13,2
maven-maven-3.0/maven-core/src/main/java/org/apache/maven/lifecycle/internal/ThreadLockedArtifact.java,4,266,2,2
maven-maven-3.0/maven-core/src/main/java/org/apache/maven/lifecycle/internal/ConcurrentBuildLogger.java,6,125,21,3
maven-maven-3.0/maven-core/src/main/java/org/apache/maven/lifecycle/internal/ReactorContext.java,4,72,13,2
maven-maven-3.0/maven-core/src/main/java/org/apache/maven/lifecycle/internal/LifecycleTask.java,4,57,13,2
maven-maven-3.0/maven-core/src/main/java/org/apache/maven/lifecycle/internal/LifecycleModuleBuilder.java,7,110,25,3
maven-maven-3.0/maven-core/src/main/java/org/apache/maven/lifecycle/internal/LifecycleExecutionPlanCalculator.java,5,65,15,2
maven-maven-3.0/maven-core/src/main/java/org/apache/maven/lifecycle/internal/DefaultLifecycleExecutionPlanCalculator.java,5,620,69,2
maven-maven-3.0/maven-core/src/main/java/org/apache/maven/lifecycle/internal/ExecutionEventCatapult.java,1,33,0,1
maven-maven-3.0/maven-core/src/main/java/org/apache/maven/lifecycle/internal/ThreadOutputMuxer.java,4,432,14,2
maven-maven-3.0/maven-core/src/main/java/org/apache/maven/lifecycle/internal/LifecycleStarter.java,5,193,28,3
maven-maven-3.0/maven-core/src/main/java/org/apache/maven/lifecycle/internal/DefaultLifecyclePluginAnalyzer.java,2,145,1,1
maven-maven-3.0/maven-core/src/main/java/org/apache/maven/lifecycle/internal/LifecycleDependencyResolver.java,11,470,207,3
maven-maven-3.0/maven-core/src/main/java/org/apache/maven/lifecycle/internal/LifecycleWeaveBuilder.java,16,717,294,3
maven-maven-3.0/maven-core/src/main/java/org/apache/maven/project/ProjectBuilder.java,8,119,33,2
maven-maven-3.0/maven-core/src/main/java/org/apache/maven/project/ProjectModelResolver.java,1,161,0,1
maven-maven-3.0/maven-core/src/main/java/org/apache/maven/project/DependencyResolutionException.java,1,36,0,1
maven-maven-3.0/maven-core/src/main/java/org/apache/maven/project/ReactorModelCache.java,1,81,0,1
maven-maven-3.0/maven-core/src/main/java/org/apache/maven/project/DefaultProjectBuildingResult.java,6,104,12,1
maven-maven-3.0/maven-core/src/main/java/org/apache/maven/project/ProjectBuildingRequest.java,23,229,74,3
maven-maven-3.0/maven-core/src/main/java/org/apache/maven/project/DefaultModelBuildingListener.java,22,255,137,2
maven-maven-3.0/maven-core/src/main/java/org/apache/maven/project/ProjectDependenciesResolver.java,1,36,0,1
maven-maven-3.0/maven-core/src/main/java/org/apache/maven/project/ProjectBuildingResult.java,4,67,3,1
maven-maven-3.0/maven-core/src/main/java/org/apache/maven/project/ProjectRealmCache.java,3,62,6,1
maven-maven-3.0/maven-core/src/main/java/org/apache/maven/project/DuplicateArtifactAttachmentException.java,1,54,0,1
maven-maven-3.0/maven-core/src/main/java/org/apache/maven/project/ExtensionDescriptor.java,1,75,0,1
maven-maven-3.0/maven-core/src/main/java/org/apache/maven/project/DependencyResolutionRequest.java,1,69,0,1
maven-maven-3.0/maven-core/src/main/java/org/apache/maven/project/ProjectBuildingHelper.java,14,99,27,2
maven-maven-3.0/maven-core/src/main/java/org/apache/maven/project/DefaultProjectDependenciesResolver.java,3,207,3,1
maven-maven-3.0/maven-core/src/main/java/org/apache/maven/project/MavenProject.java,108,3540,1740,8
maven-maven-3.0/maven-core/src/main/java/org/apache/maven/project/DefaultProjectRealmCache.java,3,96,4,1
maven-maven-3.0/maven-core/src/main/java/org/apache/maven/project/DefaultDependencyResolutionRequest.java,1,67,0,1
maven-maven-3.0/maven-core/src/main/java/org/apache/maven/project/DefaultProjectBuildingRequest.java,23,497,232,1
maven-maven-3.0/maven-core/src/main/java/org/apache/maven/project/DefaultMavenProjectHelper.java,5,226,123,3
maven-maven-3.0/maven-core/src/main/java/org/apache/maven/project/ReactorModelPool.java,1,85,0,1
maven-maven-3.0/maven-core/src/main/java/org/apache/maven/project/DefaultProjectBuilder.java,81,1573,1102,4
maven-maven-3.0/maven-core/src/main/java/org/apache/maven/project/ProjectBuildingException.java,12,381,254,3
maven-maven-3.0/maven-core/src/main/java/org/apache/maven/project/MavenProjectHelper.java,1,30,0,1
maven-maven-3.0/maven-core/src/main/java/org/apache/maven/project/DuplicateProjectException.java,2,71,1,2
maven-maven-3.0/maven-core/src/main/java/org/apache/maven/project/ProjectSorter.java,5,349,106,4
maven-maven-3.0/maven-core/src/main/java/org/apache/maven/project/InvalidProjectVersionException.java,3,51,3,2
maven-maven-3.0/maven-core/src/main/java/org/apache/maven/project/ExtensionDescriptorBuilder.java,1,137,0,1
maven-maven-3.0/maven-core/src/main/java/org/apache/maven/project/DefaultProjectBuildingHelper.java,28,598,283,2
maven-maven-3.0/maven-core/src/main/java/org/apache/maven/project/DependencyResolutionResult.java,1,68,0,1
maven-maven-3.0/maven-core/src/main/java/org/apache/maven/project/DefaultDependencyResolutionResult.java,1,90,0,1
maven-maven-3.0/maven-core/src/main/java/org/apache/maven/project/path/PathTranslator.java,5,76,42,3
maven-maven-3.0/maven-core/src/main/java/org/apache/maven/project/artifact/AttachedArtifact.java,1,152,0,1
maven-maven-3.0/maven-core/src/main/java/org/apache/maven/project/artifact/ProjectArtifact.java,6,89,4,4
maven-maven-3.0/maven-core/src/main/java/org/apache/maven/project/artifact/ProjectArtifactMetadata.java,5,118,6,3
maven-maven-3.0/maven-core/src/main/java/org/apache/maven/project/artifact/ArtifactWithDependencies.java,3,26,0,3
maven-maven-3.0/maven-core/src/main/java/org/apache/maven/project/artifact/ActiveProjectArtifact.java,1,341,0,1
maven-maven-3.0/maven-core/src/main/java/org/apache/maven/project/artifact/DefaultMetadataSource.java,1,33,0,1
maven-maven-3.0/maven-core/src/main/java/org/apache/maven/project/artifact/MavenMetadataCache.java,5,48,17,3
maven-maven-3.0/maven-core/src/main/java/org/apache/maven/project/artifact/MavenMetadataSource.java,60,1455,802,3
maven-maven-3.0/maven-core/src/main/java/org/apache/maven/project/artifact/InvalidDependencyVersionException.java,3,55,6,2
maven-maven-3.0/maven-core/src/main/java/org/apache/maven/project/artifact/DefaultMavenMetadataCache.java,9,373,75,4
maven-maven-3.0/maven-core/src/main/java/org/apache/maven/project/artifact/PluginArtifact.java,4,83,3,4
maven-maven-3.0/maven-core/src/main/java/org/apache/maven/classrealm/ArtifactClassRealmConstituent.java,3,66,4,1
maven-maven-3.0/maven-core/src/main/java/org/apache/maven/classrealm/DefaultClassRealmManager.java,15,568,231,1
maven-maven-3.0/maven-core/src/main/java/org/apache/maven/classrealm/ClassRealmRequest.java,2,76,2,1
maven-maven-3.0/maven-core/src/main/java/org/apache/maven/classrealm/DefaultClassRealmRequest.java,1,55,0,1
maven-maven-3.0/maven-core/src/main/java/org/apache/maven/classrealm/ClassRealmManager.java,7,81,12,1
maven-maven-3.0/maven-core/src/main/java/org/apache/maven/classrealm/ClassRealmConstituent.java,1,64,0,1
maven-maven-3.0/maven-core/src/main/java/org/apache/maven/classrealm/ClassRealmManagerDelegate.java,2,31,1,1
maven-maven-3.0/maven-core/src/main/java/org/apache/maven/properties/internal/EnvironmentUtils.java,3,63,1,2
maven-maven-3.0/maven-core/src/main/java/org/apache/maven/execution/ProjectDependencyGraph.java,2,57,1,1
maven-maven-3.0/maven-core/src/main/java/org/apache/maven/execution/BuildFailure.java,5,116,62,3
maven-maven-3.0/maven-core/src/main/java/org/apache/maven/execution/SettingsAdapter.java,3,109,2,1
maven-maven-3.0/maven-core/src/main/java/org/apache/maven/execution/MavenExecutionRequestPopulator.java,1,49,0,1
maven-maven-3.0/maven-core/src/main/java/org/apache/maven/execution/AbstractExecutionListener.java,3,97,1,2
maven-maven-3.0/maven-core/src/main/java/org/apache/maven/execution/MavenExecutionResult.java,20,93,38,4
maven-maven-3.0/maven-core/src/main/java/org/apache/maven/execution/MavenSession.java,96,1099,769,8
maven-maven-3.0/maven-core/src/main/java/org/apache/maven/execution/DefaultMavenExecutionRequest.java,115,1647,792,9
maven-maven-3.0/maven-core/src/main/java/org/apache/maven/execution/DefaultMavenExecutionRequestPopulator.java,7,284,63,3
maven-maven-3.0/maven-core/src/main/java/org/apache/maven/execution/DefaultMavenExecutionResult.java,21,221,129,5
maven-maven-3.0/maven-core/src/main/java/org/apache/maven/execution/ReactorManager.java,24,738,572,6
maven-maven-3.0/maven-core/src/main/java/org/apache/maven/execution/BuildSuccess.java,4,94,55,3
maven-maven-3.0/maven-core/src/main/java/org/apache/maven/execution/ExecutionListener.java,3,47,1,1
maven-maven-3.0/maven-core/src/main/java/org/apache/maven/execution/ExecutionEvent.java,2,76,0,1
maven-maven-3.0/maven-core/src/main/java/org/apache/maven/execution/MavenExecutionRequestPopulationException.java,1,39,0,1
maven-maven-3.0/maven-core/src/main/java/org/apache/maven/execution/BuildSummary.java,1,69,0,1
maven-maven-3.0/maven-core/src/main/java/org/apache/maven/execution/MavenExecutionRequest.java,94,481,259,8
maven-maven-3.0/maven-core/src/main/java/org/apache/maven/model/plugin/DefaultLifecycleBindingsInjector.java,11,191,47,1
maven-maven-3.0/maven-core/src/main/java/org/apache/maven/artifact/DependencyResolutionRequiredException.java,3,65,31,2
maven-maven-3.0/maven-core/src/main/java/org/apache/maven/artifact/InvalidRepositoryException.java,2,67,10,2
maven-maven-3.0/maven-core/src/main/java/org/apache/maven/artifact/handler/DefaultArtifactHandler.java,3,111,2,2
maven-maven-3.0/maven-core/src/main/java/org/apache/maven/artifact/handler/manager/ArtifactHandlerManager.java,3,34,2,2
maven-maven-3.0/maven-core/src/main/java/org/apache/maven/artifact/handler/manager/DefaultArtifactHandlerManager.java,3,68,7,2
maven-maven-3.0/maven-core/src/main/java/org/apache/maven/artifact/repository/RepositoryCache.java,2,49,0,1
maven-maven-3.0/maven-core/src/main/java/org/apache/maven/artifact/repository/MavenArtifactRepository.java,4,345,21,3
maven-maven-3.0/maven-core/src/main/java/org/apache/maven/artifact/repository/RepositoryRequest.java,2,110,27,1
maven-maven-3.0/maven-core/src/main/java/org/apache/maven/artifact/repository/DefaultRepositoryRequest.java,4,144,37,3
maven-maven-3.0/maven-core/src/main/java/org/apache/maven/artifact/repository/layout/DefaultRepositoryLayout.java,2,87,2,2
maven-maven-3.0/maven-core/src/main/java/org/apache/maven/artifact/repository/metadata/ArtifactRepositoryMetadata.java,2,111,0,1
maven-maven-3.0/maven-core/src/main/java/org/apache/maven/artifact/repository/metadata/AbstractRepositoryMetadata.java,2,210,0,1
maven-maven-3.0/maven-core/src/main/java/org/apache/maven/artifact/repository/metadata/RepositoryMetadataManager.java,2,55,3,2
maven-maven-3.0/maven-core/src/main/java/org/apache/maven/artifact/repository/metadata/RepositoryMetadataDeploymentException.java,1,38,0,1
maven-maven-3.0/maven-core/src/main/java/org/apache/maven/artifact/repository/metadata/RepositoryMetadata.java,3,87,8,2
maven-maven-3.0/maven-core/src/main/java/org/apache/maven/artifact/repository/metadata/RepositoryMetadataResolutionException.java,1,38,0,1
maven-maven-3.0/maven-core/src/main/java/org/apache/maven/artifact/repository/metadata/RepositoryMetadataInstallationException.java,1,38,0,1
maven-maven-3.0/maven-core/src/main/java/org/apache/maven/artifact/repository/metadata/io/DefaultMetadataReader.java,1,97,0,1
maven-maven-3.0/maven-core/src/main/java/org/apache/maven/artifact/repository/metadata/io/MetadataParseException.java,1,83,0,1
maven-maven-3.0/maven-core/src/main/java/org/apache/maven/artifact/repository/metadata/io/MetadataReader.java,2,78,5,2
maven-maven-3.0/maven-core/src/main/java/org/apache/maven/artifact/metadata/ResolutionGroup.java,2,51,12,2
maven-maven-3.0/maven-core/src/main/java/org/apache/maven/artifact/metadata/ArtifactMetadataSource.java,2,46,3,2
maven-maven-3.0/maven-core/src/main/java/org/apache/maven/artifact/metadata/ArtifactMetadataRetrievalException.java,1,29,0,1
maven-maven-3.0/maven-core/src/main/java/org/apache/maven/artifact/metadata/AbstractArtifactMetadata.java,1,30,0,1
maven-maven-3.0/maven-core/src/main/java/org/apache/maven/artifact/factory/DefaultArtifactFactory.java,15,263,127,5
maven-maven-3.0/maven-core/src/main/java/org/apache/maven/artifact/factory/ArtifactFactory.java,11,118,74,4
maven-maven-3.0/maven-core/src/main/java/org/apache/maven/artifact/resolver/ArtifactResolutionResult.java,2,287,13,2
maven-maven-3.0/maven-core/src/main/java/org/apache/maven/artifact/resolver/ArtifactResolutionRequest.java,3,280,17,1
maven-maven-3.0/maven-core/src/main/java/org/apache/maven/artifact/resolver/ResolutionNode.java,3,216,3,2
maven-maven-3.0/maven-core/src/main/java/org/apache/maven/artifact/resolver/ResolutionListener.java,1,79,0,1
maven-maven-3.0/maven-core/src/main/java/org/apache/maven/artifact/resolver/DefaultResolutionErrorHandler.java,2,73,1,2
maven-maven-3.0/maven-core/src/main/java/org/apache/maven/artifact/resolver/ResolutionErrorHandler.java,2,28,1,2
maven-maven-3.0/maven-core/src/main/java/org/apache/maven/artifact/resolver/filter/ScopeArtifactFilter.java,1,64,0,1
maven-maven-3.0/maven-core/src/main/java/org/apache/maven/artifact/resolver/filter/IncludesArtifactFilter.java,1,81,0,1
maven-maven-3.0/maven-core/src/main/java/org/apache/maven/artifact/resolver/filter/AndArtifactFilter.java,1,90,0,1
maven-maven-3.0/maven-core/src/main/java/org/apache/maven/artifact/resolver/filter/ExclusionSetFilter.java,2,79,1,1
maven-maven-3.0/maven-core/src/main/java/org/apache/maven/artifact/resolver/filter/ExcludesArtifactFilter.java,1,40,0,1
maven-maven-3.0/maven-core/src/main/java/org/apache/maven/artifact/resolver/filter/CumulativeScopeArtifactFilter.java,1,103,0,1
maven-maven-3.0/maven-core/src/main/java/org/apache/maven/artifact/resolver/filter/AbstractScopeArtifactFilter.java,1,97,0,1
maven-maven-3.0/maven-core/src/main/java/org/apache/maven/exception/ExceptionHandler.java,3,24,1,3
maven-maven-3.0/maven-core/src/main/java/org/apache/maven/exception/DefaultExceptionHandler.java,20,371,97,5
maven-maven-3.0/maven-core/src/main/java/org/apache/maven/exception/ExceptionSummary.java,4,69,8,3
maven-maven-3.0/maven-core/src/main/java/org/apache/maven/toolchain/DefaultToolchainsBuilder.java,2,75,9,1
maven-maven-3.0/maven-core/src/main/java/org/apache/maven/toolchain/ToolchainManagerPrivate.java,3,41,5,2
maven-maven-3.0/maven-core/src/main/java/org/apache/maven/toolchain/Toolchain.java,3,36,2,2
maven-maven-3.0/maven-core/src/main/java/org/apache/maven/toolchain/ToolchainFactory.java,3,40,2,2
maven-maven-3.0/maven-core/src/main/java/org/apache/maven/toolchain/DefaultToolchain.java,3,102,19,2
maven-maven-3.0/maven-core/src/main/java/org/apache/maven/toolchain/RequirementMatcherFactory.java,3,94,11,2
maven-maven-3.0/maven-core/src/main/java/org/apache/maven/toolchain/ToolchainManager.java,2,37,3,2
maven-maven-3.0/maven-core/src/main/java/org/apache/maven/toolchain/DefaultToolchainManagerPrivate.java,2,80,2,1
maven-maven-3.0/maven-core/src/main/java/org/apache/maven/toolchain/MisconfiguredToolchainException.java,2,38,3,2
maven-maven-3.0/maven-core/src/main/java/org/apache/maven/toolchain/RequirementMatcher.java,2,28,1,2
maven-maven-3.0/maven-core/src/main/java/org/apache/maven/toolchain/ToolchainPrivate.java,3,42,5,2
maven-maven-3.0/maven-core/src/main/java/org/apache/maven/toolchain/DefaultToolchainManager.java,1,88,0,1
maven-maven-3.0/maven-core/src/main/java/org/apache/maven/toolchain/ToolchainsBuilder.java,2,49,9,1
maven-maven-3.0/maven-core/src/main/java/org/apache/maven/toolchain/java/JavaToolChain.java,2,62,1,2
maven-maven-3.0/maven-core/src/main/java/org/apache/maven/toolchain/java/DefaultJavaToolChain.java,3,88,13,2
maven-maven-3.0/maven-core/src/main/java/org/apache/maven/toolchain/java/DefaultJavaToolchainFactory.java,3,114,10,2
maven-maven-3.0/maven-aether-provider/src/main/java/org/apache/maven/repository/internal/SnapshotMetadataGeneratorFactory.java,1,45,0,1
maven-maven-3.0/maven-aether-provider/src/main/java/org/apache/maven/repository/internal/LocalSnapshotMetadataGenerator.java,1,65,0,1
maven-maven-3.0/maven-aether-provider/src/main/java/org/apache/maven/repository/internal/MavenMetadata.java,1,147,0,1
maven-maven-3.0/maven-aether-provider/src/main/java/org/apache/maven/repository/internal/VersionsMetadataGeneratorFactory.java,1,45,0,1
maven-maven-3.0/maven-aether-provider/src/main/java/org/apache/maven/repository/internal/VersionsMetadataGenerator.java,2,101,8,1
maven-maven-3.0/maven-aether-provider/src/main/java/org/apache/maven/repository/internal/DefaultModelResolver.java,2,108,2,1
maven-maven-3.0/maven-aether-provider/src/main/java/org/apache/maven/repository/internal/DefaultArtifactDescriptorReader.java,3,402,7,1
maven-maven-3.0/maven-aether-provider/src/main/java/org/apache/maven/repository/internal/RemoteSnapshotMetadataGenerator.java,2,94,2,1
maven-maven-3.0/maven-aether-provider/src/main/java/org/apache/maven/repository/internal/RemoteSnapshotMetadata.java,3,188,11,1
maven-maven-3.0/maven-aether-provider/src/main/java/org/apache/maven/repository/internal/DefaultServiceLocator.java,1,46,0,1
maven-maven-3.0/maven-aether-provider/src/main/java/org/apache/maven/repository/internal/DefaultModelCache.java,1,98,0,1
maven-maven-3.0/maven-aether-provider/src/main/java/org/apache/maven/repository/internal/RelocatedArtifact.java,1,106,0,1
maven-maven-3.0/maven-aether-provider/src/main/java/org/apache/maven/repository/internal/DefaultVersionRangeResolver.java,3,255,38,1
maven-maven-3.0/maven-aether-provider/src/main/java/org/apache/maven/repository/internal/DefaultVersionResolver.java,4,477,26,1
maven-maven-3.0/maven-aether-provider/src/main/java/org/apache/maven/repository/internal/VersionsMetadata.java,2,84,1,1
maven-maven-3.0/maven-aether-provider/src/main/java/org/apache/maven/repository/internal/MavenRepositorySystemSession.java,1,92,0,1
maven-maven-3.0/maven-aether-provider/src/main/java/org/apache/maven/repository/internal/LocalSnapshotMetadata.java,2,84,1,1
maven-maven-3.0/maven-settings/src/main/java/org/apache/maven/settings/RuntimeInfo.java,12,260,215,6
maven-maven-3.0/apache-maven/src/test/java/org/apache/maven/settings/GlobalSettingsTest.java,2,52,1,1
